id,brand_name,api,dosage,type,pack_size,brand,unnamed: 7
1,codeine phosphate,codeine phosphate,30mg,tablet,20,(fm),no api and not medicine
2,senokot,sennosides,7.5mg,tablet,1,,duplicate
3,prunelax,sennosides,15mg,tablet,1,,
4,dulcolax,bisacodyl,5mg,tablet,1,,
5,favic,famiciclovir,500mg,tablet,1,,
6,aspro clear extra strength,aspirin,300mg,tablet,1,,
7,panadol with optizorb,paracetamol,500mg,tablet,1,,
8,codral cold & flu new formula,paracetamol$codeine phosphate$phenylephrine,500mg$9.5mg$5mg,tablet,1,,
9,codral day & night new formula,paracetamol$codeine phosphate$phenylephrine,500mg/9.5mg/5mg,tablet,1,,
10,duro-tuss chesty cough forte,bromhexine hydrochloride$guaiphenesin,200mg/8mg,tablet,1,,
11,sudafed sinus and nasal decongestant,pseudoephedrine,60mg,tablet,1,,
12,claratyne d,loratadine$pseudoephedrine sulfate,5mg/120mg,tablet,1,,
13,coloxyl 50,docusate sodium,50mg,tablet,1,,
14,coloxyl 120,docusate sodium,120mg,tablet,1,,
15,coloxyl with senna,docusate sodium$sennosides,50mg/8mg,tablet,1,,
16,viclofen,diclofenac sodium,25mg,tablet,1,,
17,viclofen,diclofenac sodium,25mg,tablet,1,,
18,aspro clear,aspirin,300mg,tablet,1,,
19,aspro clear,aspirin,300mg,tablet,1,,
20,aspro clear,aspirin,300mg,tablet,1,,
21,bisolvon chesty forte,bromhexine,8mg,tablet,1,,
22,cartia,aspirin,100mg,tablet,1,,
23,cartia,aspirin,100mg,tablet,1,,
24,cartia,aspirin,100mg,tablet,1,,
25,codral original cold&flu,paracetamol$codeine phosphate$pseudoephedrine,500mg/6mg/30mg,tablet,1,,
26,codral original cold&flu+cough,paracetamol$pseudoephedrine$dextromethorphan hydrobomide$chlorpheniramine,500mg/30mg/10mg/2mg,tablet,1,,
27,maxigesic,paracetamol$ibuprofen,500mg/150mg,tablet,1,,
28,maxigesic,paracetamol$ibuprofen,500mg/150mg,tablet,1,,
29,nurofen plus,ibuprofen$codeine phosphate,200mg/12.8mg,tablet,1,,
30,panadeine,codeine phosphate$paracetamol,8mg/500mg,tablet,1,,
31,panadeine extra,codeine phosphate$paracetamol,15mg/500mg,tablet,1,,
32,panadol with optizorb,paracetamol,500mg,tablet,1,,
33,panadol,paracetamol,500mg,tablet,1,,
34,panadol,paracetamol,500mg,tablet,1,,
35,codral original d&n,paracetamol$codeine phosphate$pseudoephedrine$triprolidine,500mg/6mg/30mg/1.25mg,tablet,1,,
36,astrix,aspirin,100mg,tablet,1,,
37,nurofen,ibuprofen,200mg,tablet,1,,
38,nurofen,ibuprofen,200mg,tablet,1,,
39,nurofen,ibuprofen,200mg,tablet,1,,
40,solprin,aspirin,300mg,tablet,1,,
41,voltaren rapid 25,diclofenac potassium,25mg,tablet,20,,
42,voltaren rapid 25,diclofenac potassium,25mg,tablet,20,,
43,somac heartburn relief,pantoprazole,20mg,tablet,1,,
44,dolased,codeine phosphate$paracetamol$doxylamine succinate,10mg/500mg/5.1mg,tablet,1,,
45,megafol 0.5,folic acid,0.5mg,tablet,1,,
46,megafol 5,folic acid,5mg,tablet,1,,
47,zyrtec rapid acting,cetirizine,10mg,tablet,1,,
48,telfast 120,fexofenadine,120mg,tablet,1,,
49,telfast 180,fexofenadine,180mg,tablet,1,,
50,claratyne hayfever & allergy,loratadine,10mg,tablet,1,,
51,aerius,desloratadine,5mg,tablet,1,,
52,chemists' own de worm,mebendazole,100mg,tablet,1,,
53,rennie spearmint flavour,calcium carbonate$magnesium carbonate,680mg/80mg,tablet,1,,
54,ranital 150mg,ranitidine,150mg,tablet,1,,
55,zantac 12 hour action,ranitidine,150mg,tablet,1,,
56,lacteeze,,,tablet,1,,
57,lacteeze,tilactase,51mg,tablet,1,,
58,donnatab,hyoscyamine sulfate$atropine sulfate$hyoscine hydrobromide,103.7mcg/19.4mcg/6.5mcg,tablet,1,,
59,buscopan specialised relief,hyoscine butylbromide,10mg,tablet,1,,
60,diarrhoea relief,loperamide$simethicone,2mg/125mg,tablet,1,,
61,imodium zapid,loperamide,2mg,tablet,1,,
62,gastro-stop plus,loperamide$simethicone,2mg/125mg,tablet,1,,
63,gaviscon,sodium alginate$sodium bicarbonate$calcium carbonate,250mg/133.5mg/80mg,tablet,1,,
64,hydralyte orange effervescent electrolyte tablets,,,tablet,1,,
65,hydralyte apple blackcurrant effervescent electrolyte tablets,,,tablet,1,,
66,anagraine,metoclopramide$paracetamol,5mg/500mg,tablet,1,,
67,nausicalm,cyclizine,50mg,tablet,1,,
68,ferro tab,ferrous fumarate,200mg,tablet,1,,
69,ferro-f-tab,ferrous fumarate,310mg,tablet,1,,
70,ferrograd,ferrous sulfate,325mg,tablet,1,,
71,ferrograd c,"iron, vitamin c",,tablet,1,,
72,nature's own womens multivitamin,,,tablet,1,,
73,blackmores vitamin b12 100mcg,vitamin b12,1000mcg,tablet,1,,
74,nature's own vitamin b12 1000mcg,,,tablet,1,,
75,cenovis multivitamin,,,tablet,1,,
76,blackmores womens multivitamin,,,tablet,1,,
77,good mood,,,tablet,1,,
78,postella-1,levonorgestrel,1.5mg,tablet,1,,
79,postinor-1,levonorgestrel,1.5mg,tablet,1,,
80,polaramine tablets,dexchlorpheniramine maleate,2mg,tablet,1,,
81,nature's own st johns wart,hypercium perforatum,cannot read,tablet,1,,
82,ellaone,ulipristal acetate,30mg,tablet,1,,
83,nurofen zavance,ibuprofen,200mg,capsule,1,,
84,codral cold & flu+cough new formula,paracetamol$phenylephrine hydrochloride$dextromethorphan hydrobromide$chlorpheniramine maleate ,500mg/5mg/10mg/2mg,capsule,1,,
85,dimetapp day relief,paracetamol$phenylephrine hydrochloride$dextromethorphan hydrobromide,300mg/10mg/20mg,capsule,1,,
86,dimetapp day + night,paracetamol$phenylephrine hydrochloride$dextromethorphan hydrobromide$chlorpheniramine succinate,cannot read,capsule,1,,
87,astrix 28,aspirin,100mg,capsule,1,,
88,astrix 84,aspirin,100mg,capsule,1,,
89,femzole one 150mg  ,fluconazole,150mg,capsule,1,,
90,de-gas,simethicone,100mg,capsule,1,,
91,charcocaps,activated charcoal,200mg,capsule,1,,
92,mintec,,,capsule,1,,
93,imodium capsules,loperamide,2mg,capsule,1,,
94,zovirax cold sore (pump) 2g,,,cream,1,,
95,zovirax cold sore 2g,,,cream,1,,
96,virasolve cold sore 5g,idoxuridine$lignocaine$benzalkonium chloride,5mg/20mg/5mg,cream,1,,
97,cold sore cream,aciclovir,5% w/w,cream,1,,
98,chemists' own cold sore cream 5g,aciclovir,5% w/w,cream,1,,
99,sudocrem healing cream 125g,zinc oxide,15.25% w/w,cream,1,,
100,nappy goo 100g,,,cream,1,,
101,qv cream 100g,,,cream,1,,
102,qv flare up cream 100g,,,cream,1,,
103,dermeze cream 100g,,,cream,1,,
104,cetaphil moisturising cream 100g,,,cream,1,,
105,cetaphil uva/uvb defence spf 50+ 50g,,,cream,1,,
106,dermaveen daily nourish cream 100ml,,,cream,1,,
107,nasalate cream 15g,phenylephrine$chlorhexidine gluconate,2.5mg/3mg,cream,1,,
108,urederm 100g,,,cream,1,,
109,hydrozole 30g,hydrocortisone$clotrimazole,1% w/w/1% w/w,cream,1,,
110,resolve plus 10 30g,miconazole nitrate$hydrocortisone,2%w/w/1%w/w,cream,1,,
111,eurax cream 20g,crotamiton,100mg/g,cream,1,,
112,dermaid 1% cream 30g,hydrocortisone,1% w/w,cream,1,,
113,lamisil cream 15g,terbinafine hydrochloride,10mg/g,cream,1,,
114,canesten once daily bifonazole body cream 30g,bifonazole,10mg/g,cream,1,,
115,canesten once daily bifonazole athlete's foot cream 20g,bifonazole,10mg/g,cream,1,,
116,canesten clotrimazole anti-fungal cream 50g,,10mg/g,cream,1,,
117,dakta gold once daily cream 30g,ketoconazole$sodium sulfite,20mg/g/2mg/g,cream,1,,
118,daktarin cream 70g,benzoic acid$butylated hydroxyanisole,2mg/g/52mcg/g,cream,1,,
119,solveasy tinea cream 30g,terbinafine hydrochloride,1% w/w,cream,1,,
120,pevaryl cream 20g,econazole nitrate,1% w/w,cream,1,,
121,resolve tinea 50g,miconazole nitrate,2% w/w,cream,1,,
122,canesten 6 day cream 35g,clotrimazole,10mg/g,cream,1,,
123,canesten 3 day cream 20g,clotrimazole,20mg/g,cream,1,,
124,clozole vaginal cream 35g,clotrimazole,10mg/g,cream,1,,
125,movicol 13.8g,,,powder,1,,
126,metamucil 283g,,,powder,1,,
127,osmolax 510g,,,powder,1,,
128,movicol junior 6.9g,,,powder,1,,
129,curash baby care anti rash 100g,zinc oxide,25% w/w,powder,1,,
130,daktarin powder 30g,miconazole nitrate,20mg/g,powder,1,,
131,resolve tinea powder 20g ,miconazole nitrate,2% w/w,powder,1,,
132,panadol children's 1 mth - 2 years baby drops 20ml,paracetamol,100mg/1ml,mixture,1,,
133,nurofen for children baby 3+ months 50ml,ibuprofen,200mg/5ml,suspension,1,,
134,nurofen for children baby 3+ months 100ml,ibuprofen,200mg/5ml,suspension,1,,
135,nurofen for children 5-12 years 100ml,ibuprofen,200mg/5ml,suspension,1,,
136,nurofen for children 5-12 years 200ml,ibuprofen,200mg/5ml,suspension,1,,
137,panadol children's 1-5 years colourfree 100ml,paracetamol,24mg/1ml,suspension,1,,
138,panadol children's 1-5 years colourfree 200ml,paracetamol,24mg/1ml,suspension,1,,
139,panadol children's 5-12 years colourfree 100ml,paracetamol,48mg/1ml,suspension,1,,
140,panadol children's 5-12 years colourfree 200ml,paracetamol,48mg/1ml,suspension,1,,
141,vermox 15ml,mebendazole,100mg/5ml,suspension,1,,
142,movicol-half 6.9g,,,sachet,1,,
143,flo sinus care refills,,,sachet,1,,
144,dulcogas relieves gas and bloating,simethicone,125mg,sachet,1,,
145,gaviscon infant,sodium alginate$magnesium alginate,225mg/87.5mg,sachet,1,,
146,earclear ear ache relief 15ml,phenazone$benzoncaine,5.4%/1.4%,ear drop,1,,
147,earclear ear wax remover 12ml,carbamide peroxide,65mg,ear drop,1,,
148,aqua ear solution 35ml,acetic acid-glacial$isopropyl alcohol,17.3mg/634mg,ear drop,1,,
149,auralgan ear drops 15ml,phenazone$benzoncaine,54mg/14mg,ear drop,1,,
150,cerumol ear drops for easy removal of ear wax 10ml,chlorbutol$ortho-dichlorobenzene$para-dichlorobenzene$arachis oil,5% w/v/14% w/v/2%w/v/57% w/v,ear drop,1,,
151,waxol ear drops 10ml,docusate sodium,0.5% w/v,ear drop,1,,
152,refresh tears plus 15ml,carmellose sodium,5mg/1ml,eye drop,1,,
153,refresh preservative free eye drops 0.4ml,polyvinyl alcohol$povidone,14mg/6mg/1ml,eye drop,1,,
154,visine advanced 15ml,tetrahydrozoline,0.05% w/v,eye drop,1,,
155,visine clear 15ml,tetrahydrozoline,0.05% w/v,eye drop,1,,
156,murine clear eyes 15ml,naphazoline hcl,0.12mg/ml,eye drop,1,,
157,murine sore eyes 15ml,tetrahydrozoline hydrochloride,0.5mg/ml,eye drop,1,,
158,systane lubricating eye drops 15ml,polyethylene glycol$propylene glycol,400 4mg/ml/3mg/ml,eye drop,1,,
159,systane lubricant eye drops 0.8ml,polyethylene glycol$propylene glycol,400 4mg/ml/3mg/ml,eye drop,1,,
160,liquifilm tears 15ml,polyvinyl alcohol,14mg/1ml,eye drop,1,,
161,celluvisc lubricant eye drops intensive dry eye treatment 0.4ml,carmellose sodium,10mg/1ml,eye drop,1,,
162,tears naturale artificial tears 15ml,,,eye drop,1,,
163,bion tears lubricant eye drops dry eyes 0.4ml,dextran$hypromellose,70 1mg/ml/3mg/ml,eye drop,1,,
164,celluvisc lubricant eye drops long lasting dry eye relief 0.4ml,carmellose sodium,5mg/1ml,eye drop,1,,
165,genteal moisturising  eye drops 15ml,hypromellose,3mg/g,eye drop,1,,
166,optive lubricant eye drops 15ml,carmellose sodium$glycerin,5mg/ml/9mg/ml,eye drop,1,,
167,naphcon-a allergy eye relief 15ml,naphazoline hydrochloride$pheniramine maleate,0.25mg/ml/3mg/ml,eye drop,1,,
168,zaditen 2.5ml,ketotifen (fumarate),250?g/ml,eye drop,1,,
169,albalon a allergy eye drops 15ml,naphazoline hydrochloride$antazoline phosphate,500?g/5mg/1ml,eye drop,1,,
170,albalon eye drops 15ml,naphazoline hydrochloride,1mg/1ml,eye drop,1,,
171,livostin eye drops antihistamine 4ml,levocabastine,0.5mg/ml,eye drop,1,,
172,refresh night time eye ointment 3.5g,liquid paraffin$soft white paraffin,42.5% w/w/57.3% w/w,eye ointment,1,,
173,poly visc lubricating eye ointment dry eye 3.5g,,,eye ointment,1,,
174,eno lemon 200g,sodium bicarbonate$sodium carbonate$citric acid anhydrous,2.29g/0.50g/2.16g,oral powder,1,,
175,poly gel lubricating eye gel 0.5g,carbomer,3mg/g,eye gel,1,,
176,genteal moisturising  eye gel 10g,hypromellose$carbomer 980,3mg/g/2.2mg/g,eye gel,1,,
177,rhinocort hayfever 60 sprays,budesonide,32mcg/spray,nasal spray,1,,
178,beconase allergy & hayfever 200 doses,beclomethasone dipropionate,50mcg/spray,nasal spray,1,,
179,flixonase allergy & hayfever 60 sprays,fluticasone propionate,50mcg/spray,nasal spray,1,,
180,sudafed nasal decongestant,oxymetazoline hydrochloride,500mcg/ml,nasal spray,1,,
181,fess little noses,sodium chloride,9mg/ml,nasal spray,1,,
182,fess nasal spray 75ml,sodium chloride,9mg/ml,nasal spray,1,,
183,otrivin plus 10ml,xylometazoline$ipratroium bromide,0.5mg/ml/0.6mg/ml,nasal spray,1,,
184,atrovent nasal 15ml,ipratroium bromide,22?g,nasal spray,1,,
185,atrovent nasal forte 15ml,ipratroium bromide,44?g,nasal spray,1,,
186,drixine decongesant - 12hr relief 15ml,oxymetazoline hydrochloride,500mcg/ml,nasal spray,1,,
187,nozoil 15ml,,,nasal spray,1,,
188,spray tish nasal decongestant 15ml,tramazoline hydrochloride,82?g/metered dose,nasal spray,1,,
189,telnase 120 sprays,triamcinolone acetonide,55?g/spray,nasal spray,1,,
190,azep 5ml,azelastine hydrochloride,125?g/spray,nasal spray,1,,
191,dimetapp 20ml,oxymetazoline hydrochloride,500mcg,nasal spray,1,,
192,fess little noses spray 15ml,sodium chloride,9mg/ml,nasal spray,1,,
193,nasonex allergy 10g,mometasone furoate,50mcg/spray,nasal spray,1,,
194,nasonex allergy 18g,mometasone furoate,50mcg/spray,nasal spray,1,,
195,otrivin 10ml,xylometazoline hydrochloride,1mg/ml,nasal spray,1,,
196,otrivin junior 10ml,xylometazoline hydrochloride,0.5mg/ml,nasal spray,1,,
197,glycerol suppositories,glycerol,2.8g,suppository,1,,
198,duro-tuss dry cough,pholcodine$cetylpyridinium chloride ,5.5mg/1.33mg,lozenge,1,,
199,strepsils,dichlorobenzyl alcohol$amylmetacresol ,1.2mg/600?g,lozenge,1,,
200,strepsils sore throat and blocked nose,dichlorobenzyl alcohol$amylmetacresol$menthol ,1.2mg/600?g/8mg,lozenge,1,,
201,difflam plus,benzydamine hydrochloride$lignocaine$ dichlorobenzyl alcohol ,3mg/4mg/1.2mg,lozenge,1,,
202,duro-tuss dry cough,"pholcodine, cetylpyridinium chloride ",,lozenge,1,,
203,strepsils plus,benzydamine$lignocaine$dichlorobenzyl alcohol ,10mg/1.2mg/600?g,lozenge,1,,
204,canesten 6 day pessary,clotrimazole,100mg,pessary,1,,
205,vicks vaporub 50g,menthol$camphor$eucalyptus oil,2.82% w/w/5.26% w/w/1.33% w/w,ointment,1,,
206,vicks baby balsam 50g,,,ointment,1,,
207,bepanthen 30g ,dexpanthenol,50mg/g,ointment,1,,
208,daktozin ointment 15g,,,ointment,1,,
209,dermeze ointment 100g,,,ointment,1,,
210,anusol ointment 50g ,zinc oxide$peru balsam$benzyl benzoate,10.85% w/w/1.88% w/w/1.25% w/w,ointment,1,,
211,rectinol haemorrhoidal ointment 50g,zinc oxide$cinchocaine,200mg/5mg,ointment,1,,
212,proctosedyl ointment 15g,hydrocortisone$cinchocaine,5mg/5mg,ointment,1,,
213,microlax 5ml,sodium citrate$sodium lauryl sulfoacetate$sorbitol,90mg/ml/9mg/ml/625mg/ml,enema,1,,
214,microlax 5ml,sodium citrate$sodium lauryl sulfoacetate$sorbitol,90mg/ml/9mg/ml/625mg/ml,enema,1,,
215,sm-33 gel 10g ,,,gel,1,,
216,bonjela 15g ,choline salicylate,87mg/g,gel,1,,
217,sedagel 30g,choline salicylate$menthol $cetalkonium chloride,8.7%/0.057%/0.01%,gel,1,,
218,benzac ac 2.5% 50g ,benzoyl peroxide,25mg/g,gel,1,,
219,benzac ac 5% 50g ,benzoyl peroxide,50mg/g,gel,1,,
220,benzac ac 10% 50gm,benzoyl peroxide,100mg/g,gel,1,,
221,pinetarsol gel 100g,,,gel,1,,
222,soov bite 25g,lignocaine$cetrimide,3%w/w/0.5%w/w,gel,1,,
223,difflam mouth gel 10g,benzydamine$cetylpyridium chloride,10mg/1mg,gel,1,,
224,phisohex 200ml,triclosan,cannot read,lotion,1,,
225,qv skin lotion 250ml,,,lotion,1,,
226,qv gentle wash 500g,,,lotion,1,,
227,cetaphil moisturising lotion 250ml,,,lotion,1,,
228,dermaveen daily nourish moisturising lotion 500ml,,,lotion,1,,
229,quellada scabies treatment 100ml,permethrin,50mg/ml,lotion,1,,
230,quellada head lice treatment 100ml,permethrin,10mg/ml,lotion,1,,
231,fess little noses drops 25ml,sodium chloride,9mg/ml,nasal drop,1,,
232,nozoil 15ml,,,nasal drop,1,,
233,narium saline drops 25ml,,,nasal drop,1,,
234,vicks inhaler 0.5ml,menthol$camphor,197mg/197mg,inhaler,1,,
235,nilstat oral drops 24ml,nystatin,100000 i.u.,oral drops,1,,
236,dermaveen daily nourish oatmeal shampoo 250ml,,,shampoo,1,,
237,neutogena t/gel therapeutic shampoo 200ml,,,shampoo,1,,
238,thursday plantation tea tree shampoo 200ml,,,shampoo,1,,
239,thursday plantation tea tree conditioner 200ml,,,shampoo,1,,
240,qv hair gentle shampoo 200g,,,shampoo,1,,
241,nizoral 2% 200ml,ketoconazole,20mg/g,shampoo,1,,
242,nizoral 1% 200ml,ketoconazole,10mg/g,shampoo,1,,
243,compeed total care invisible,,,patch,1,,
244,zovirax invisiseal,,,patch,1,,
245,benzac daily facial foam cleanser,,,spray,1,,
246,daktarin spray 100g,miconazole nitrate,20mg/g,spray,1,,
247,solveasy tinea spray 16ml,terbinafine hydrochloride,1% w/w,spray,1,,
248,wart-off paint 6ml,salicylic acid$lactic acid$podophyllum resin$chlorhexidine$chlorbutol$ethanol,20% w/v/12.5% w/v/10%w/v/0.5% w/v/0.5%w/v/12.5% w/v,paint,1,,
249,oral-eze dental emergency toothache medication 5ml,benzocaine$clove bud oil$ethanol,7.5%w/v/19.0% v/v/18.0%v/v,solution,1,,
250,pinetarsol solution 500ml,tar$triethanolamine lauryl sulfate,2.3%w/w/ 6%w/w,solution,1,,
251,kp 24 medicated foam 100ml,maldison,1%w/w,solution,1,,
252,lamisil once 4g,terbinafine,10mg/g,solution,1,,
253,pevaryl foaming solution 10g,econazole,1%w/w,solution,1,,
254,benzac ac wash 130ml,benzoyl peroxide,50mg/g,rinse,1,,
255,nyal toothache drops 6ml,ethanol$phenol$benzocaine,0.225ml/100mg/50mg,liquid,1,,
256,parachoc 400ml, paraffin,2.5ml/5ml,liquid,1,,
257,agarol 500ml,paraffin-liquid$benzoic acid$sorbic acid$saccharin sodium$anhydrous sodium sulfite,"4.83ml/7.5mg/7.5mg
sodiums don't have",liquid,1,,
258,prospan 200ml,hedera helix,not mentioned,liquid,1,,
259,benadryl chesty forte 200ml,guaiphenesin$phenylephine,100mg/1mg,liquid,1,,
260,benadryl mucus double action forte,guaiphenesin$phenylephine,100mg/5mg,liquid,1,,
261,benadryl dry tickly cough forte 200ml,pholcodine,4mg/ml,liquid,1,,
262,benadryl mucus relief +decon 200ml,guaiphenesin$phenylephine,100mg/5mg,liquid,1,,
263,prospan 200ml,hedera helix,not mentioned,liquid,1,,
264,duro-tuss expectorant 200ml,pholcodine$bromhexine,15mg/12mg,liquid,1,,
265,bisolvon chesty 250ml,bromhexine hydrochloride,4mg,liquid,1,,
266,oil of cloves 10ml,,,liquid,1,,
267,sm-33 adult 10ml,,,liquid,1,,
268,coloxyl oral drops 30ml,poloxamer,100mg/ml,liquid,1,,
269,curash baby soap free bath 200ml,,,liquid,1,,
270,azclear foaming wash 150ml,,,liquid,1,,
271,duro-tuss dry cough forte 200ml,pholcodine,15mg,liquid,1,,
272,dymadon 1m - 2y 60ml,paracetamol,50mg,liquid,1,,
273,dymadon 2-12 y 100ml,paracetamol,250mg,liquid,1,,
274,dymadon 2-12 y 200ml,paracetamol,250mg,liquid,1,,
275,rikodeine 100ml,dehydrocodeine tartrate$sorbitol,19mg/4.4g,liquid,1,,
276,robitussin cough and chest congestion 200ml,guaiphenesin$dextromethorphan hydrobromide,200mg/30mg,liquid,1,,
277,robitussin dry cough forte 200ml,dextromethorphan hydrobromide,30mg,liquid,1,,
278,senega & ammonia mixture apf 14 200ml,ammonium bicarbonate,250mg,liquid,1,,
279,children's claratyne 150ml,loratadine,5mg,liquid,1,,
280,loceryl nail lacquer,amorolfine,5%,liquid,1,,
281,duofilm solution 15ml,salicylic acid$lactic acid,16/7% w/w/16.7% w/w,liquid,1,,
282,daktarin tincture 30ml,miconazole,20mg/ml,liquid,1,,
283,optifree replenish multi-purpose disinfecting solution 120ml,,,liquid,1,,
284,optrex eye wash 110ml,,,liquid,1,,
285,audiclean ear cleansing wash,,,liquid,1,,
286,mylanta antacid original 500ml,aluminium hydroxide$magnesium hydroxide$simethicone,400mg/400mg/40mg,liquid,1,,
287,mylanta antacid double strength 500ml,aluminium hydroxide$magnesium hydroxide$simethicone,800mg/800mg/60mg,liquid,1,,
288,ferro-liquid,ferrous sulfate,30mg/ml,liquid,1,,
289,bricanyl 100 inhalations,,,turbuhaler,1,,
290,qv bar 100g,,,bar,1,,
291,cetaphil gentle cleansing bar 127g,,,bar,1,,
292,gaviscon cool 300ml,sodium alginate$sodium bicarbonate$calcium carbonate,500mg/267mg/160mg,oral liquid,1,,
293,gaviscon double strength 500ml,sodium alginate$potassium bicarbonate$calcium carbonate,1000mg/200mg/200mg,oral liquid,1,,
294,glycerin lemon & honey with glucose,,,oral liquid,1,,
295,apo health children's paracetamol 1-5yrs 200ml,paracetamol,24mg/ml,oral liquid,1,,
296,apo health children's paracetamol 6-12 yrs 200ml,paracetamol,48mg/ml,oral liquid,1,,
297,laxettes,sennosides,12mg,other,1,,
298,flo sinus care starter kit,,,other,1,,
299,femzole duo 1 capsule/10g cream ,fluconazole$clotrimazole,150mg/10mg/g,other,1,,
300,canesten once pessary + cream,clotrimazole,"1pessary:500mg/
10gcream:10mg/g",other,1,,
301,combantrin chocolate squares,pyrantel,100mg,other,1,,
302,hydralyte colour free lemonade flavoured electrolyte ice blocks,,,other,1,,
303,autodrop,,,other,1,,
304,vicks inhaler nasal stick,menthol$camphor,197mg/197mg,other,1,,
305,autosqueeze,,,other,1,,
306,opticare arthroscopic,,,other,1,,
307,wartner common wart remover,,,other,1,,
308,ezy-drop,,,other,1,,
309,opticare,,,other,1,,
310,optrex actimist 2 in 1 eye spray for dry + irritated eyes 10ml,,,eye spray,1,,
311,optrex actimist 2 in 1 eye spray for tired + uncomfortable eyes 10ml,,,eye spray,1,,
312,cetaphil wipes   ,,,wipes,1,,
313,nurofen,ibuprofen,200mg,caplet,1,,
314,panadol extra optizorb,paracetamol$caffeine,500mg/65mg,caplet,1,,
315,mersyndol day strength,paracetamol$codeine phosphate,500mg/9.5mg,caplet,1,,
316,mersyndol caplets,paracetamol$codeine phosphate$doxylamine succinate,450mg/9.75mg/5mg,caplet,1,,
317,qv flare up bath oil 200ml,benzalkonium chloride$triclosan$paraffin,2% w/w/0.7% w/w/65.1% w/w,oil,1,,
318,pinetarsol bath oil 500ml,,,oil,1,,
319,campral,acamprosate,"333mg, ec",tablet,180,(af),
320,glucobay,acarbose,50mg,tablet,90,(bn),
321,glucobay,acarbose,100mg,tablet,90,(bn),
322,diamox,acetazolamide,250mg,tablet,100,(si),
323,zovirax,aciclovir,200mg,tablet,90,(gk),
324,ozvir,aciclovir,200mg,tablet,90,(ra),
325,aciclovir,aciclovir,250ml,solution,5,(..),
326,humira pfs,adalimumab,"40mg/0.8ml, 2",injection,1,(ab),
327,differin,adapalene,"0.1%, 30g",cream,1,(ga),
328,differin,adapalene,"0.1%, 30g",gel,1,(ga),
329,epiduo ,adapalene$benzoylperoxide,"0.1%/2.5%, 30g",gel,1,(ga),
330,epipen adult,adrenaline,0.3mg/0.3ml,injection,1,(al),
331,epipen junior,adrenaline,0.15mg/0.3ml,injection,1,(al),
332,adrenaline,adrenaline,1mg / 1ml,ampoules,5,(..),
333,valdoxan,agomelatine,25mg,tablet,28,(..),
334,fosamax plus d-cal,alendron$colecal$ca,70/140/500,tablet,1,(mk),
335,dronalen plus 70/140,alendron$colecalc,70mg/140mcg,tablet,4,(gm),
336,fosamax once weekly,alendronate sod,70mg,tablet,4,(mk),
337,fosamax,alendronate sodium,40mg,tablet,30,(mk),
338,fosamax plus,alendronate$colecalciferol,70mg/70mcg,tablet,4,(mk),
339,fosamax plus,alendronate$colecalciferol,70mg/140mcg,tablet,4,(mk),
340,progout,allopurinol,300mg,tablet,60,(af),
341,zyloprim,allopurinol,300mg,tablet,60,(si),
342,zyloprim,allopurinol,100mg,tablet,200,(si),
343,progout,allopurinol,100mg,tablet,100,(af),
344,kalma,alprazolam,0.25mg,tablet,50,(af),
345,kalma,alprazolam,0.5mg,tablet,50,(af),
346,xanax,alprazolam,0.25mg,tablet,50,(pf),
347,xanax,alprazolam,0.5mg,tablet,30,(pf),
348,xanax,alprazolam,1mg,tablet,50,(pf),
349,kalma,alprazolam,1mg,tablet,50,(af),
350,xanax tabri-score,alprazolam,2mg,tablet,50,(pf),
351,kalma,alprazolam,2mg,tablet,50,(af),
352,caverject impulse,alprostadil,"10mcg/0.5ml, 2",injection,1,(ph),
353,actilyse,alteplase,10ml,powder,1,(..),
354,actilyse,alteplase,50,powder,1,(..),
355,gastrogel,aluminium hyd$magnesium hyd$tri,500ml,suspension,1,(fm),
356,mylanta p,aluminium$magnesium$simethicone,500ml,suspension,1,(jt),
357,symmetrel,amantadine,100mg,capsule,100,(nv),
358,kaluril,amiloride,5mg,tablet,50,(af),
359,moduretic,amiloride$hydrochlorothiazide,5mg/50mg,tablet,50,(as),
360,aratac,amiodarone,200mg,tablet,30,(af),
361,aratac,amiodarone,100mg,tablet,30,(af),
362,cordarone x intravenous,amiodarone,150mg/3ml,ampoules,6,(..),
363,solian,amisulpride,400mg,tablet,60,(sw),
364,solian,amisulpride,200mg,tablet,60,(sw),
365,solian,amisulpride,100mg,tablet,30,(sw),
366,endep,amitriptyline,50mg,tablet,50,(af),
367,endep,amitriptyline,10mg,tablet,50,(af),
368,endep,amitriptyline,25mg,tablet,50,(af),
369,norvasc,amlodipine,10mg,tablet,30,(pf),
370,norvasc,amlodipine,5mg,tablet,30,(pf),
371,norvapine,amlodipine,5mg,tablet,30,(gn),
372,norvapine,amlodipine,10mg,tablet,30,(gn),
373,exforge,amlodipine$valsartan,5mg/80mg,tablet,28,(nv),
374,exforge,amlodipine$valsartan,5mg/160mg,tablet,28,(nv),
375,exforge,amlodipine$valsartan,10mg/160mg,tablet,28,(nv),
376,exforge hct,amlodipine$valsartan$hydrochlorothiazide,10mg/160mg/12.5mg,tablet,28,(nv),
377,amoxycillin sandoz,amoxicillin,1000mg,tablet,14,(bg),
378,amoxil,amoxicillin,250mg,capsule,20,(gk),
379,amoxil,amoxicillin,500mg,capsule,20,(gk),
380,amoxil forte,amoxicillin,"250mg/5ml, 100ml",syrup,1,(gk),
381,amoxil,amoxicillin,"125mg/5ml, 100ml",syrup,1,(gk),
382,amoxil paediatric,amoxicillin,"100/ml, 20ml",syrup,1,(gk),
383,maxamox,amoxicillin,"500mg/5ml, 100ml",syrup,1,(sz),
384,amoxicillin and clavulanic acid,amoxicillin and clavulanic acid,1000/200mg,powder,10,(..),
385,cm amoxycillin/clav,amoxycill$clav ac,875/125mg,tablet,10,(ch),
386,maxamox bc,amoxycillin,1000mg,tablet,1,(sz),
387,tw amoxycillin,amoxycillin,500mg,capsule,20,(tw),
388,amoxil sachet 3gm,amoxycillin,3g,sachet,,(gk),
389,augmentin duo forte,amoxycillin$clavulanic acid,875mg/125mg,tablet,10,(gk),
390,augmentin duo,amoxycillin$clavulanic acid,500mg/125mg,tablet,10,(gk),
391,augmentin,amoxycillin$clavulanic acid,"125mg/31.25mg/5ml, 75ml",syrup,1,(gk),
392,augmentin duo,amoxycillin$clavulanic acid,"400mg/57mg/5ml, 60ml",syrup,1,(gk),
393,fungilin,amphotericin,10mg,lozenge,20,(si),
394,arimidex,anastrozole,1mg,tablet,30,(ap),
395,eliquis,apixaban,2.5mg,tablet,60,(..),
396,eliquis,apixaban,5mg,tablet,60,(bs),
397,eliquis,apixaban ,5mg ,tablet,30,,
398,movapo pfs,apomorphine hydrochloride hemihydrate,50mg / 10ml,solution,5,(..),
399,iopidine ,apraclonidine,0.5% 10ml,eye drop,1,(aq),
400,abilify,aripiprazole,20mg,tablet,30,(bq),
401,abilify,aripiprazole,15mg,tablet,30,(bq),
402,abilify,aripiprazole,30mg,tablet,30,(bq),
403,abilify,aripiprazole,10mg,tablet,30,(bq),
404,solprin,aspirin,300mg,tablet,96,(rc),
405,astrix,aspirin,100mg,tablet,112,(yn),
406,astrix,aspirin,"100mg, ec",capsule,84,(yn),
407,tenormin,atenolol,50mg,tablet,30,(ap),
408,tensig,atenolol,50mg,tablet,30,(si),
409,tw atenolol,atenolol,50mg,tablet,30,(tw),
410,noten,atenolol,50mg,tablet,30,(af),
411,lipitor,atorvastatin,10mg,tablet,30,(pf),
412,lipitor,atorvastatin,20mg,tablet,30,(pf),
413,lipitor,atorvastatin,40mg,tablet,30,(pf),
414,lipitor,atorvastatin,80mg,tablet,30,(pf),
415,malarone,atovaquone$proguanil,250mg/100mg,tablet,12,(gk),
416,atropt,atropine,1% 15ml,eye drop,1,(si),
417,imuran,azathioprine,50mg,tablet,100,(as),
418,imuran,azathioprine,25mg,tablet,100,(as),
419,zithromax,azithromycin,500mg,tablet,2,(pf),
420,zithromax,azithromycin,500mg,tablet,30,(pf),
421,zedd,azithromycin,500mg,tablet,3,(zp),
422,zithromax iv,azithromycin,500mg,powder,1,(..),
423,lioresal,baclofen,10mg,tablet,100,(nv),
424,qvar 50,beclomethasone,"50mcg/d, 200d",inhaler,1,(ia),
425,qvar 100,beclomethasone,"100mcg/d, 200d",inhaler,1,(ia),
426,qvar 50,beclomethasone,"50mcg/d, 200d",autohaler,1,(ia),
427,qvar 100,beclomethasone,"100mcg/d, 200d",autohaler,1,(ia),
428,artane,benzhexol,2mg,tablet,200,(si),
429,benpen,benzylpenicillin,600mg,injection,1,(..),
430,serc,betahistine,16mg,tablet,25,(sm),
431,betnovate 41306 0.05% 15g,betamethasone,0.05%,cream,30,(si),
432,diprosone,betamethasone dipropionate,"0.05%, 15g",cream,1,(sh),
433,diprosone,betamethasone dipropionate,"0.05%, 50g",cream,1,(sh),
434,diprosone ov,betamethasone dipropionate,"0.05%, 30g",cream,1,(sh),
435,eleuphrat,betamethasone dipropionate,"0.05%, 15g",cream,1,(ex),
436,diprosone,betamethasone dipropionate,"0.05%, 15g",ointment,1,(sh),
437,diprosone,betamethasone dipropionate,"0.05%, 30ml",lotion,1,(sh),
438,antroquoril,betamethasone valerate,"0.02%, 100g",cream,1,(ex),
439,urocarb,bethanechol,10mg,tablet,100,(ha),
440,biktarvy,bictegravir$emtricitabine$tenofovir alafenamide,50mg/200mg/25mg,tablet,30,(..),
441,lumigan,bimatoprost,"0.03%, 3ml",eye drop,1,(ag),
442,akineton,biperiden,2mg,tablet,100,(lm),
443,lax-tab,bisacodyl,5mg,tablet,200,(ae),
444,bicor,bisoprolol fumarate,2.5mg,tablet,28,(al),
445,bicor,bisoprolol fumarate,5mg,tablet,28,(al),
446,freestyle optium,blood glucose indicator,100,strip,1,(ms),
447,omnitest,blood glucose indicator,50,strip,1,(br),
448,caresens,blood glucose indicator,50,strip,1,(lb),
449,accuchek performa,blood glucose indicator,100,strip,1,(rd),
450,freestyle lite,blood glucose indicator,100,strip,1,(ms),
451,alphagan ,brimonidine,"0.2%, 5ml",eye drop,1,(ag),
452,enidin ,brimonidine,"0.2%, 5ml",eye drop,1,(pe),
453,alphagan p ,brimonidine,"0.15%, 5ml",eye drop,1,(ag),
454,lexotan,bromazepam,3mg,tablet,30,(ro),
455,kripton,bromocriptine,2.5mg,tablet,30,(af),
456,rhinocort aqueous,budesonide,"64mcg, 120",nasal spray,1,(ap),
457,rhinocort aqueous,budesonide,"64mcg, 240",nasal spray,1,(ap),
458,pulmicort,budesonide,"100mcg, 200d",turbuhaler,1,(ap),
459,pulmicort,budesonide,"200mcg, 200d",turbuhaler,1,(ap),
460,pulmicort,budesonide,"400mcg, 200d",turbuhaler,1,(ap),
461,symbicort,budesonide$eformoterol,200mcg/6mcg,turbuhaler,1,(ap),
462,symbicort,budesonide$eformoterol,"400mcg/12mcg/d, 2x60d",turbuhaler,1,(ap),
463,symbicort,budesonide$eformoterol,"100mcg/6mcg/d, 120d",turbuhaler,1,(ap),
464,norspan,buprenorphine,5mcg,patch,2,(mf),
465,norspan,buprenorphine,10mcg/hr,patch,2,(mf),
466,norspan,buprenorphine,20mcg/hr,patch,2,(mf),
467,zyban,bupropion,"150mg, sr",tablet,90,(gk),
468,dostinex,cabergoline,500mcg,tablet,2,(pf),
469,rocaltrol,calcitriol,0.25mcg,capsule,100,(ro),
470,cal sup,calcium,500mg,tablet,60,(ia),
471,calcium chloride,calcium chloride,1g/10ml,vials,10,(..),
472,atacand,candesartan,4mg,tablet,30,(ap),
473,atacand,candesartan,8mg,tablet,30,(ap),
474,atacand,candesartan,16mg,tablet,30,(ap),
475,atacand,candesartan,32mg,tablet,30,(ap),
476,atacand plus,candesartan$hydrochlorothiazide,16mg/12.5mg,tablet,30,(ap),
477,atacand plus,candesartan$hydrochlorothiazide,32mg/12.5mg,tablet,30,(ap),
478,atacand plus,candesartanl$hydrochlorothiazide,32mg/25mg,tablet,30,(ap),
479,capecitabine apotex,capecitabine,500mg,tablet,120,(apo),
480,capecitabine (drla),capecitabine,150mg,tablet,60,(da),
481,tegretol,carbamazepine,"200mg, cr",tablet,200,(nv),
482,tegretol,carbamazepine,"400mg, cr",tablet,200,(nv),
483,tegretol,carbamazepine,200mg,tablet,100,(nv),
484,tegretol,carbamazepine,100mg,tablet,100,(nv),
485,teril,carbamazepine,200mg,tablet,200,(af),
486,tegretol,carbamazepine,"100mg/5ml, 300ml",oral liquid,1,(nv),
487,neo-mercazole,carbimazole,5mg,tablet,100,(lm),
488,viscotears,carbomer,"0.20%, 10g",eye gel,1,(nv),
489,poly gel,carbomer,"0.3%, 0.5g, 30",eye gel,1,(aq),
490,paa,carbomer,"0.20%, 10g",eye gel,1,(nm),
491,celluvisc,carmellose,"1%, 0.4ml, 30",eye drop,1,(ag),
492,cellufresh,carmellose,"0.5%, 0.4ml, 30",eye drop,1,(ag),
493,thera tears,carmellose,"0.25%, 0.6ml, 24",eye drop,1,(cx),
494,refresh tears plus,carmellose sodium,"5mg/ml, 15ml",eye drop,1,(ag),
495,refresh liquigel,carmellose sodium,"10mg/ml, 15ml",eye drop,1,(ag),
496,optive ,carmellose$glycerin,"0.5%/0.9%, 15ml",eye drop,1,(ag),
497,ceclor cd,cefaclor,"375mg, sr",tablet,10,(as),
498,ceclor,cefaclor,"125mg/5ml, 100ml",suspension,1,(as),
499,cefepime-aft,cefepime hydrochloride,1g,powder,1,(..),
500,ceftazidime as pentahydrate,ceftazidime,1g,powder,10,(..),
501,ceftazidime as pentahydrate,ceftazidime,2g,powder,1,(..),
502,ceftriaxone-aft,ceftriaxone,1g,powder,5,(..),
503,ceftriaxone-aft,ceftriaxone,2g,powder,1,(..),
504,zinnat,cefuroxime,250mg,tablet,20,(gk),
505,celebrex,celecoxib,100mg,capsule,60,(pf),
506,celebrex,celecoxib,200mg,capsule,,(pf),
507,rancef,cephalexin,500mg,capsule,20,(ra),
508,keflex,cephalexin = cefalexin,500mg,capsule,20,(as),
509,keflex,cephalexin = cefalexin,250mg,capsule,20,(as),
510,keflex,cephalexin = cefalexin,125mg/5ml,suspension,1,(as),
511,keflex,cephalexin = cefalexin,250mg/5ml,suspension,1,(as),
512,chloromycetin,chloramphenicol,"0.5%, 5ml",ear drop,1,(pf),
513,chlorsig,chloramphenicol,"0.5%, 10ml",eye drop,1,(si),
514,largactil,chlorpromazine,100mg,tablet,100,(sw),
515,largactil,chlorpromazine,10mg,tablet,100,(sw),
516,largactil,chlorpromazine,25mg,tablet,100,(sw),
517,largactil,chlorpromazine hydrochloride,50mg,ampoules,10,(..),
518,dukoral,cholera,2,suspension,1,(ax),
519,questran lite,cholestyramine,"4g, 50",sachet,1,(si),
520,alvesco ,ciclesonide,"80mcg/d, 120d",inhaler,1,(nq),
521,alvesco ,ciclesonide,"160mcg/d, 120d",inhaler,1,(nq),
522,sandimmun,ciclosporin,250mg/5ml,ampoules,10,(..),
523,sensipar,cinacalcet,30mg,tablet,30,(an),
524,cifran,ciprofloxacin,500mg,tablet,14,(ra),
525,cifran,ciprofloxacin,750mg,tablet,14,(ra),
526,celapram,citalopram,10mg,tablet,28,(af),
527,celapram,citalopram,40mg,tablet,28,(af),
528,klacid,clarithromycin,250mg,tablet,14,(ab),
529,klacid,clarithromycin,500mg,tablet,30,(ab),
530,klacid,clarithromycin,250mg/5ml 50ml,suspension,1,(ab),
531,dalacin c,clindamycin,150mg,capsule,100,(pz),
532,duac,clindamycin$benzoyl peroxide,"1%/5%, 30g",gel,1,(sx),
533,frisium,clobazam,10mg,tablet,50,(hp),
534,eumovate cream,clobetasone butyrate,0.05% w/w,cream,30g,,
535,serophene,clomiphene,50mg,tablet,10,(sg),
536,anafranil,clomipramine,25mg,tablet,50,(nv),
537,rivotril,clonazepam,500mcg,tablet,100,(ro),
538,rivotril,clonazepam,2mg,tablet,100,(ro),
539,paxam,clonazepam,0.5mg,tablet,30,(af),
540,paxam,clonazepam,2mg,tablet,100,(af),
541,rivotril,clonazepam,"2.5mg/ml, 10ml",mixture,1,(ro),
542,rivotril,clonazepam,1mg / 1 ml,ampoules,10,(..),
543,catapres 100,clonidine,100mcg,tablet,100,(by),
544,mz clonidine hcl injection,clonidine hydrochloride,150mg / 1ml,ampoules,5,(..),
545,plavix,clopidogrel,75mg,tablet,28,(sw),
546,iscover,clopidogrel,75mg,tablet,28,(bq),
547,exorex,coal tar,"1%, 100ml",lotion,1,(gm),
548,codeine linctus apf,codeine phosphate,"25mg/5ml, 100ml",oral liquid,1,(gc),
549,lengout,colchicine,500mcg,tablet,30,(ln),
550,pfizer covid-19,covid 19,0.2ml,vaccine,10,,
551,moderna covid-19,covid 19,0.2mg,vaccine,10,,
552,astrazeneca covid-19,covid 19,0.5ml,vaccine,10,,
553,novavax,covid 19 vaccination,0.5ml,vaccine,10,,
554,johnson & johnson covid-19 vaccine,covid-19 vaccine,0.5 ml,vaccine,10,,
555,comirnaty pfizer covid-19 vaccine,"covid-19 vaccine, mrna",0.3 ml,vaccine,10,,
556,cyclizine lactate,cyclizine lactate,50mg,ampoules,5,(..),
557,neoral,cyclosporin = ciclosporin,50mg,capsule,30,(nv),
558,neoral,cyclosporin = ciclosporin,100mg,capsule,30,(nv),
559,periactin,cyproheptadine,4mg,tablet,100,(as),
560,androcur 100,cyproterone acetate,100mg,tablet,50,(sc),
561,diane-35 ed,cyproterone$ethinyloestradiol,"2mg,35mcg, 28",tablet,1,(sc),
562,diane-35 ed,cyproterone$ethinyloestradiol,"2mg/35mcg, 3 x 28",tablet,3,(sc),
563,juliet-35 ed,cyproterone$ethinyloestradiol,"2mg/35mcg, 28",tablet,3,(sc),
564,estelle-35 ed,cyproterone$ethinyloestriol,"2mg/35mcg, 28",tablet,3,(gm),
565,pradaxa,dabigatran,110mg,capsule,60,,
566,pradaxa,dabigatran,150mg,capsule,60,,
567,orgaran,danaparoid sodium,0.6ml,ampoules,10,(..),
568,minirin,desmopressin,"100mcg/ml, 60d",nasal spray,1,(fp),
569,minirin melt,desmopressin,120mcg,wafer,30,(fp),
570,marvelon 28,desogestrel$ethinyloestriol,"150mcg/30mcg, 28",tablet,1,(sh),
571,pristiq,desvenlafaxine,"50mg, er",tablet,28,(wx),
572,pristiq,desvenlafaxine,"100mg, er",tablet,28,(wx),
573,maxidex ,dexamethasone,0.1% 5ml,eye drop,1,(aq),
574,sofradex,dexamethasone$framycetin$gramicidin,8ml,ear drop,1,(sw),
575,otodex,dexamethasone$framycetin$gramicidin,8ml,ear drop,1,(av),
576,dexamphetamine sulph (si),dexamphetamine = dexamfetamine,5mg,tablet,100,(si),
577,digesic,dextropropoxyphene & paracet,,tablet,20,(as),
578,paradex,dextropropoxyphene & paracet,,tablet,20,(as),
579,valium,diazepam,2mg,tablet,50,(ro),
580,valium,diazepam,5mg,tablet,50,(ro),
581,antenex,diazepam,5mg,tablet,50,(af),
582,antenex,diazepam,2mg,tablet,50,(af),
583,solaraze,diclofenac,"3%, 25g",gel,1,(cs),
584,voltaren rapid,diclofenac potassium,50mg,tablet,20,(nv),
585,voltaren,diclofenac sodium,"25mg, ec",tablet,50,(nv),
586,voltaren,diclofenac sodium,"50mg, ec",tablet,50,(nv),
587,voltaren ophtha,diclofenac sodium,"0.1%, 5ml",eye drop,1,(nv),
588,voltaren,diclofenac sodium,100mg,suppository,20,(nv),
589,diclocil,dicloxacillin,500mg,capsule,24,(bq),
590,distaph,dicloxacillin,250mg,capsule,24,(af),
591,distaph,dicloxacillin,500mg,capsule,24,(af),
592,lanoxin,digoxin,250mcg,tablet,100,(si),
593,lanoxin pg,digoxin,62.5mcg,tablet,200,(si),
594,sigmaxin-pg,digoxin,62.5mcg,tablet,200,(fm),
595,sigmaxin,digoxin,250mcg,tablet,100,(fm),
596,dihydergot,dihydroergotamine 1mg,1ml,injection,5,(nv),
597,cardizem,diltiazem,60mg,tablet,90,(sw),
598,cardizem cd,diltiazem,"180mg, cr",capsule,30,(sw),
599,cardizem cd,diltiazem,"240mg, cr",capsule,30,(sw),
600,vasocardol cd,diltiazem,"180mg, er",capsule,30,(av),
601,vasocardol cd,diltiazem,"240mg, er",capsule,30,(av),
602,cardizem cd,diltiazem,"360mg, cr",capsule,30,(sw),
603,vasocardol cd,diltiazem,"360mg, er",capsule,30,(av),
604,lofenoxal,diphenoxylate$atropine,2.5mg/25mcg,tablet,20,(hc),
605,lomotil,diphenoxylate$atropine,2.5mg/25mcg,tablet,20,(ph),
606,adt booster,diphtheria-tetanus,0.5ml,injection,5,(cs),
607,boostrix,diphtheria$tetanus$pertussis,0.5ml,injection,1,(gk),
608,persantin,dipyridamole,"200mg, sr",capsule,60,(by),
609,asasantin,dipyridamole$aspirin,"200mg/25mg, sr",capsule,60,(by),
610,didrocal 28/76,disod etid$calc,carb 28/76,tablet,104,(pf),
611,rythmodan,disopyramide,150mg,capsule,100,(sw),
612,triumeq,dolutegravir$abacavir$lamivudine,50mg/600mg/300mg,tablet,30,(..),
613,triumeq,dolutegravir$abacavir$lamivudine,50mg/600mg/300mg,tablet,30,(vv),
614,juluca,dolutegravir$rilpivirine,50mg/25mg,tablet,30,(..),
615,motilium,domperidone,10mg,tablet,25,(jc),
616,aricept,donepezil,5mg,tablet,28,(pf),
617,aricept,donepezil,10mg,tablet,28,(pf),
618,trusopt ,dorzolamide,"2%, 5ml",eye drop,1,(mk),
619,dothep,dothiepin = dosulepin,75mg,tablet,30,(af),
620,dothep,dothiepin = dosulepin,25mg,capsule,50,(af),
621,prothiaden,dothiepin hcl,75mg,tablet,50,(ab),
622,prothiaden,dothiepin hcl,25mg,capsule,50,(ab),
623,sinequan,doxepin,25mg,capsule,50,(pf),
624,sinequan,doxepin,10mg,capsule,50,(pf),
625,vibramycin,doxycycline,100mg,tablet,7,(pf),
626,vibra-tab,doxycycline,50mg,tablet,25,(pf),
627,doryx,doxycycline,50mg,capsule,25,(yn),
628,doryx,doxycycline,100mg,capsule,7,(yn),
629,doryx,doxycycline,100mg,capsule,21,(yn),
630,doxycycline mayne,doxycycline,50mg,capsule,25,(yt),
631,doxycycline mayne,doxycycline,100mg,capsule,7,(yt),
632,restavit,doxylamine succinate,25mg,tablet,20,,
633,yasmin ed,drospirenone$ethinyloestradiol,"3mg/30mcg, 28",tablet,3,(sc),
634,yaz,drospirenone$ethinyloestradiol,"3mg/20mcg, 28",tablet,1,(sc),
635,trulicity,dulaglutide,1.5mg/0.5ml,injection,4,,
636,sustiva,efavirenz,600mg,tablet,30,,
637,oxis,eformoterol = formoterol,"6mcg/d, 60d",turbuhaler,1,(ap),
638,oxis,eformoterol = formoterol,"12mcg/d, 60d",turbuhaler,1,(ap),
639,renitec,enalapril,10mg,tablet,30,(mk),
640,renitec m,enalapril,5mg,tablet,30,(mk),
641,renitec,enalapril,20mg,tablet,30,(mk),
642,alphapril,enalapril,20mg,tablet,30,(af),
643,renitec plus,enalapril$hydrochlorothiazide,20mg/6mg,tablet,30,(mk),
644,clexane,enoxaparin,20mg/0.2ml,injection,10,(sw),
645,clexane,enoxaparin,60mg/0.6ml,injection,10,(sw),
646,clexane,enoxaparin,80mg/0.8ml,injection,10,(sw),
647,clexane,enoxaparin,40mg/0.4ml,injection,10,(sw),
648,clexane,enoxaparin sodium,80mg/0.8ml,injection,10,,
649,inspra,eplerenone,25mg,tablet,30,(pf),
650,teveten,eprosartan,400mg,tablet,28,(sm),
651,teveten,eprosartan,600mg,tablet,28,(sm),
652,teveten plus,eprosartan$hydrochloride,600mg/12.5mg,tablet,28,(sm),
653,eryc,erythromycin,"250mg, ec",capsule,25,(yn),
654,mayne pharma erythromycin,erythromycin,250mg,capsule,25,(yt),
655,eryacne,erythromycin,2% 30g,gel,1,(ga),
656,ees,erythromycin ethylsuccinate,400mg,tablet,25,(lm),
657,e-mycin,erythromycin ethylsuccinate,400mg,tablet,1,(af),
658,ees,erythromycin ethylsuccinate,"200mg/5ml, 100ml",suspension,1,(lm),
659,ees,erythromycin ethylsuccinate,"400mg/5ml, 100ml",suspension,1,(lm),
660,e-mycin,erythromycin ethylsuccinate,"200mg/5ml, 100ml",suspension,1,(af),
661,lexapro,escitalopram,10mg,tablet,28,(lu),
662,lexapro,escitalopram,20mg,tablet,28,(lu),
663,nexium,esomeprazole,"40mg, ec",tablet,30,(ap),
664,nexium,esomeprazole,20mg,tablet,14,,
665,nexium hp7,esomeprazole$clarithromycin$amoxycillin,20mg/500mg/500mg,pack,1,(ap),
666,estraderm mx 100,estradiol,"100mcg, 8",patch,1,(nv),
667,estradot 25,estradiol,"25mcg/24hrs, 8",patch,1,(nv),
668,estradot 37.5,estradiol,"37.5mcg/24hrs, 8",patch,1,(nv),
669,estradot 50,estradiol,"50mcg/24hrs, 8",patch,1,(nv),
670,estradot 75,estradiol,"75mcg/24hrs, 8",patch,1,(nv),
671,estradot 100,estradiol,"100mcg/24hrs, 8",patch,1,(nv),
672,estalis sequi,estradiol$norethisterone,"50mcg, 50mcg/140mcg, 8",patch,1,(nv),
673,estalis continuous,estradiol$norethisterone,"50mcg/140mcg, 8",patch,1,(nv),
674,estalis continuous,estradiol$norethisterone,"50mcg/250mcg, 8",patch,1,(nv),
675,enbrel pfs,etanercept,"50mg/ml, 4",injection,1,(wx),
676,enbrel auto,etanercept,"50mg/ml, 4",injection,1,(wx),
677,valette,ethinyloestradiol$dienogest,"30mcg/2mg, 28",tablet,1,(sc),
678,valette,ethinyloestriol$dienogest,"30mcg/2mg, 28",tablet,3,(sc),
679,implanon nxt,etonogestrel,68mg,implant,1,(sh),
680,nuvaring,etonogestrel$ethinyloestradiol,"120mcg/15mcg, 1",ring,1,(sh),
681,nuvaring,etonogestrel$ethinyloestradiol,"120mcg/15mcg, 3",ring,1,(sh),
682,bydureon bcise,exenatide,2mg,injection,4,,
683,ezetrol,ezetimibe,10mg,tablet,30,(mk),
684,vytorin,ezetimibe$simvastatin,10/40mg,tablet,30,(mk),
685,vytorin,ezetimibe$simvastatin,10/80mg,tablet,30,(mk),
686,vytorin,ezetimibe$simvastatin,10/10mg,tablet,30,(mk),
687,vytorin,ezetimibe$simvastatin,10/20mg,tablet,30,(mk),
688,famvir,famciclovir,250mg,tablet,56,(nv),
689,famvir,famciclovir,125mg,tablet,40,(nv),
690,famvir,famciclovir,500mg,tablet,3,(nv),
691,famvir,famciclovir,250mg,tablet,21,(nv),
692,famciclovir sandoz,famciclovir,250mg,tablet,30,(sz),
693,pepcidine m,famotidine,20mg,tablet,30,(mk),
694,pepcidine,famotidine,40mg,tablet,60,(mk),
695,plendil,felodipine,"10mg, er",tablet,30,(ap),
696,plendil,felodipine,"5mg, er",tablet,30,(ap),
697,felodur,felodipine,"2.5mg, er",tablet,30,(al),
698,felodur,felodipine,"5mg, er",tablet,30,(al),
699,felodur,felodipine,"10mg, er",tablet,30,(al),
700,lipidil,fenofibrate,48mg,tablet,60,(sm),
701,lipidil,fenofibrate,145mg,tablet,30,(sm),
702,durogesic 12,fentanyl,12mcg/hr,patch,5,(jc),
703,durogesic 25,fentanyl,25mcg/hr,patch,5,(jc),
704,durogesic 50,fentanyl,50mcg/hr,patch,5,(jc),
705,durogesic 75,fentanyl,75mcg/hr,patch,5,(jc),
706,durogesic 100,fentanyl,100mcg/hr,patch,5,(jc),
707,ferro-tab,ferrous fumarate,200mg,tablet,60,(..),
708,ferro-f,ferrous fumarate$folic ac,,tablet,60,(ae),
709,ferro-liquid,ferrous sulfate,30mg/ml 250ml,mixture,1,(ae),
710,ferro-gradumet,ferrous sulphate,325mg,tablet,30,(ab),
711,ferro-grad c,ferrous sulphate,325mg,tablet,30,(..),
712,proscar,finasteride,5mg,tablet,30,(mk),
713,propecia,finasteride,1mg,tablet,28,(mk),
714,pc finasteride,finasteride,5mg,tablet,30,(cr),
715,tambocor,flecainide acetate,100mg,tablet,60,(ia),
716,tambocor,flecainide acetate,50mg,tablet,60,(ia),
717,flopen,flucloxacillin,500mg,capsule,24,(as),
718,staphylex,flucloxacillin,250mg,capsule,24,(af),
719,staphylex,flucloxacillin,500mg,capsule,24,(af),
720,floxapen,flucloxacillin,250mg/5ml,syrup,1,(gk),
721,florinef,fludrocortisone,0.1mg,tablet,100,(si),
722,locacorten vioform,flumethasone$clioquinol,"0.02%/1%, 7.5ml",eye drop,1,(cg),
723,hypnodorm,flunitrazepam,1mg,tablet,30,(af),
724,flucon,fluorometholone,"0.1%, 5ml",eye drop,1,(aq),
725,fml,fluorometholone,"0.1%, 5ml",eye drop,1,(ag),
726,flarex ,fluorometholone acetate,"0.1%, 5ml",eye drop,1,(aq),
727,efudix,fluorouracil ,5% 20g,cream,1,(vt),
728,prozac,fluoxetine,20mg,tablet,28,(ly),
729,lovan,fluoxetine,20mg,tablet,28,(al),
730,prozac,fluoxetine,20mg,capsule,28,(ly),
731,lovan,fluoxetine,20mg,capsule,28,(al),
732,flixotide,fluticasone,"125mcg/d, 120d",inhaler,1,(gk),
733,flixotide,fluticasone,"250mcg/d, 120d",inhaler,1,(gk),
734,flixotide junior,fluticasone,"50mcg/d, 120d",inhaler,1,(gk),
735,flixotide junior,fluticasone,"100mcg/d, 60d",accuhaler,1,(gk),
736,flixotide,fluticasone,"250mcg/d, 60d",accuhaler,1,(gk),
737,flixotide,fluticasone,"500mcg/d, 60d",accuhaler,1,(gk),
738,avamys,fluticasone furoate,"27.5mcg/d, 120d",nasal spray,1,(gk),
739,seretide,fluticasone$salmeterol,"50mcg/25mcg/d, 120d",inhaler,1,(gk),
740,seretide,fluticasone$salmeterol,"125mcg/25mcg/d, 120d",inhaler,1,(gk),
741,seretide,fluticasone$salmeterol,"250mcg/25mcg/d, 120d",inhaler,1,(gk),
742,seretide,fluticasone$salmeterol,"250mcg/50mcg/d, 60d",accuhaler,1,(gk),
743,seretide,fluticasone$salmeterol,"500mcg/50mcg/d, 60d",accuhaler,1,(gk),
744,lescol xl,fluvastatin,80mg,tablet,28,(nv),
745,vastin,fluvastatin,20mg,capsule,28,(nm),
746,vastin,fluvastatin,40mg,capsule,28,(nm),
747,luvox,fluvoxamine,100mg,tablet,30,(sm),
748,faverin,fluvoxamine,100mg,tablet,30,(si),
749,luvox,fluvoxamine,50mg,tablet,30,(sm),
750,movox,fluvoxamine,50mg,tablet,30,(al),
751,megafol 0.5,folic acid,0.5mg,tablet,100,(af),
752,megafol 5,folic acid,5mg,tablet,100,(af),
753,monopril,fosinopril,10mg,tablet,30,(bq),
754,monopril,fosinopril,20mg,tablet,30,(bq),
755,monoplus,fosinopril$hct,10/12.5mg,tablet,30,(bq),
756,monoplus,fosinopril$hct,20/12.5mg,tablet,30,(bq),
757,soframycin,framycetin,"0.5%, 8ml",eye/ear drops,30,(sw),
758,uremide,frusemide,40mg,tablet,100,(af),
759,lasix,frusemide = furosemide,40mg,tablet,100,(sw),
760,lasix m,frusemide = furosemide,20mg,tablet,50,(sw),
761,fucidin,fusidic acid,250mg/5ml,tablet,36,(cs),
762,neurontin,gabapentin,300mg,capsule,100,(pf),
763,nupentin,gabapentin,100mg,capsule,100,(af),
764,reminyl,galantamine,"8mg, pr",capsule,28,(jc),
765,reminyl,galantamine,"16mg, pr",capsule,28,(jc),
766,reminyl,galantamine,"24mg, pr",capsule,28,(jc),
767,lopid,gemfibrozil,600mg,tablet,60,(pf),
768,lipigem,gemfibrozil,600mg,tablet,60,(af),
769,minulet,gestodene$ethinyloestradiol,"75mcg/30mcg, 28",tablet,3,(wy),
770,glimel,glibenclamide,5mg,tablet,100,(af),
771,glyade,gliclazide,80mg,tablet,100,(af),
772,amaryl,glimepiride,1mg,tablet,30,(sw),
773,amaryl,glimepiride,2mg,tablet,30,(sw),
774,amaryl,glimepiride,4mg,tablet,30,(sw),
775,amaryl,glimepiride,3mg,tablet,30,(sw),
776,dimirel,glimepiride,1mg,tablet,30,(av),
777,dimirel,glimepiride,2mg,tablet,30,(av),
778,minidiab,glipizide,5mg,tablet,100,(pf),
779,melizide,glipizide,5mg,tablet,100,(af),
780,keto-diastix,glucose & ketone indicator,50,strip,1,(bn),
781,true track elct strp 50,glucose ind strip blood,,strip,1,(nx),
782,accuchek active strips 100,glucose ind strips,,strip,1,(rd),
783,accuchek go 50,glucose ind strips,x,strip,1,(rd),
784,accuchek integra,glucose ind strips,x,strip,1,(rd),
785,accuchek adv/sens comf strip 100,glucose ind strips,,strip,1,(rd),
786,optium omega test strips 50,glucose indic-blood str,.,strip,1,(ms),
787,anginine,glyceryl trin,600mcg,tablet,100,(si),
788,transiderm nitro 25,glyceryl trinitrate,"5mg/24hr, 30",patch,1,(nv),
789,transiderm nitro 50,glyceryl trinitrate,"10mg/24hr, 30",patch,1,(nv),
790,nitro dur 5,glyceryl trinitrate,"5mg/24hr, 30",patch,1,(sh),
791,nitro dur 10,glyceryl trinitrate,10mg/24hr,patch,30,(sh),
792,nitro dur 15,glyceryl trinitrate,"15mg/24hr, 30",patch,1,(sh),
793,nitrolingual,glyceryl trinitrate,"400mcg, 200d",pumpspray,1,(sw),
794,glycopyrronium,glycopyrronium ,200mcg,injection,10,,
795,zoladex,goserelin,10.8mg,implant,1,(ap),
796,serenace,haloperidol,0.5mg,tablet,100,(si),
797,serenace,haloperidol,1.5mg,tablet,100,(si),
798,twinrix 720/20,hepatitis a$hepatitis b,1ml,injection,1,(sk),
799,twinrix junior,hepatitis a$hepatitis b,0.5ml,injection,1,(sk),
800,vivaxim,hepatitis a$salmonella typhi,1ml,injection,1,(ax),
801,engerix b adult,hepatitis b,20mcg/1ml,injection,1,(gk),
802,havrix 720,hepatitis-a,"720 units, 0.5ml",injection,1,(sk),
803,havrix 1440,hepatitis-a,"1440 units, 1ml",injection,1,(sk),
804,isopto homatropine,homatropine,2%,eye drop,1,(aq),
805,alphapress,hydralazine,25mg,tablet,100,(af),
806,alphapress,hydralazine,50mg,tablet,100,(af),
807,cefepime kabi,hydrochloride,2g,powder,10,(..),
808,dithiazide,hydrochlorothiazide,25mg,tablet,100,(pl),
809,hysone,hydrocortisone,20mg,tablet,60,(af),
810,sigmacort,hydrocortisone,1% 30g,cream,1,(si),
811,sigmacort (hydrocortisone),hydrocortisone,1% 50g,cream,1,(si),
812,hycor,hydrocortisone,"1%, 5g",eye ointment,1,(si),
813,sigmacort,hydrocortisone,1% 30g,ointment,1,(si),
814,sigmacort,hydrocortisone,1% 50g,ointment,1,(si),
815,hydrozole,hydrocortisone$clotrimazole,1% 50g,cream,1,(dm),
816,jurnista,hydromorphone,"16mg, cr",tablet,14,(jc),
817,neo b12,hydroxocobalamin,"1mg/ml, 1ml",injection,3,(hh),
818,plaquenil,hydroxychloroquine,200mg,tablet,100,(sw),
819,tears naturale,hypromellose,"3mg/ml, 15ml",eye drop,1,(aq),
820,genteal ,hypromellose,"0.3%, 15ml",eye drop,1,(nv),
821,in a wink,hypromellose,"0.3%, 15ml",eye drop,1,(nm),
822,genteal gel ,hypromellose,0.3% 10g,eye gel,1,(nv),
823,poly tears,hypromellose dextran,,eye drop,1,(iq),
824,poly tears,hypromellose dextran,,eye drop,1,,
825,rafen,ibuprofen,200mg,tablet,1,(af),
826,tofranil,imipramine,25mg,tablet,50,(lm),
827,tofranil,imipramine,10mg,tablet,50,(lm),
828,tolerade 25,imipramine,25mg,tablet,50,(pq),
829,aldara sachet,imiquimod,"5%, 250mg",cream,12,(ia),
830,natrilix,indapamide,2.5mg,tablet,90,(se),
831,natrilix,indapamide,"1.5mg, sr",tablet,90,(se),
832,indocid,indometacin,25mg,capsule,50,(as),
833,indocid,indometacin,100mg,suppository,20,(as),
834,arthrexin,indomethacin = indometacin,25mg,capsule,50,(af),
835,fluzone hd,influenza,0.7 ml,vaccine,10,,
836,flublok,influenza ,0.5 ml,vaccine,10,,
837,novorapid vial,insulin aspart,"100units/ml, 10ml",injection,1,(no),
838,novorapid flexpen,insulin aspart,"100units/ml, 3ml",injection,5,(nf),
839,novomix 30 flexpen,insulin aspart$aspart  protamine,"100units/ml, 3ml",injection,5,(nf),
840,novomix 30 penfill,insulin aspart$aspart  protamine,"100units/ml, 3ml",injection,5,(no),
841,levemir penfill,insulin detemir,"100u/ml, 3ml",injection,5,(no),
842,lantus,insulin glargine,"100units/ml, 3ml",injection,5,(sw),
843,lantus solostar,insulin glargine,"100units/ml, 3ml",injection,5,(av),
844,optisulin solostar,insulin glargine,100 iu/ml,injection,5,,
845,toujeo,insulin glarine,300iu/ml,injection,5,,
846,humulin nph,insulin isophane,"100uints/ml, 3ml",injection,5,(ly),
847,humalog,insulin lispro,"100units/ml, 3ml",injection,5,(ly),
848,humalog,insulin lispro,"100units/ml, 10ml",injection,1,(ly),
849,humalog mix25,insulin lispro$lispro protamine,"100uints/ml, 3ml",injection,5,(ly),
850,actrapid vial,insulin neutral,"100units/ml, 10ml",injection,1,(no),
851,actrapid penfill,insulin neutral,"100units/ml, 3ml",injection,5,(no),
852,atrovent,ipratropium,"21mcg, 200d",inhaler,1,(by),
853,atrovent,ipratropium,"250mcg/ml, 30",nebulising solution,1,(by),
854,atrovent adult,ipratropium,"500mcg/ml, 30",nebulising solution,1,(by),
855,avapro,irbesartan,75mg,tablet,30,(bq),
856,karvea,irbesartan,75mg,tablet,30,(sw),
857,avapro,irbesartan,150mg,tablet,30,(bq),
858,karvea,irbesartan,150mg,tablet,30,(sw),
859,avapro,irbesartan,300mg,tablet,30,(bq),
860,karvea,irbesartan,300mg,tablet,30,(sw),
861,avapro hct,irbesartan$hydrochlorothiazide,150mg/12.5mg,tablet,30,(bq),
862,karvezide,irbesartan$hydrochlorothiazide,150mg/12.5mg,tablet,30,(sw),
863,avapro hct,irbesartan$hydrochlorothiazide,300mg/12.5mg,tablet,30,(bq),
864,karvezide,irbesartan$hydrochlorothiazide,300mg/12.5mg,tablet,30,(sw),
865,avapro hct,irbesartan$hydrochlorothiazide,300mg/25mg,tablet,30,(bq),
866,karvezide,irbesartan$hydrochlorothiazide,300mg/25mg,tablet,30,(sw),
867,ferrum h,iron polymaltose,"100mg/2ml, 5",injection,1,(as),
868,protaphane vial,isophane insulin,"100units/ml, 10ml",injection,1,(no),
869,protaphane penfill,isophane insulin,"100units/ml, 3ml",injection,5,(no),
870,protaphane innolet,isophane insulin,"100units/ml, 3ml",injection,5,(ni),
871,sorbidin,isosorbide dinit,10mg,tablet,,(af),
872,imdur,isosorbide mononitrate,"60mg, sr",tablet,30,(ap),
873,monodur,isosorbide mononitrate,60mg,tablet,30,(pm),
874,duride,isosorbide mononitrate,60mg,tablet,30,(af),
875,imdur,isosorbide mononitrate,"120mg, sr",tablet,30,(ap),
876,monodur,isosorbide mononitrate,"120mg, sr",tablet,30,(pm),
877,roaccutane,isotretinoin,10mg,capsule,60,(ro),
878,roaccutane,isotretinoin,20mg,capsule,60,(ro),
879,oratane,isotretinoin,20mg,capsule,60,(gm),
880,isotrex gel,isotretinoin,0.05% 30g,gel,1,(sx),
881,stromectol,ivermectin,3mg,tablet,30,(mk),
882,nizoral,ketoconazole,200mg,tablet,10,(jc),
883,nizoral,ketoconazole,200mg,tablet,30,(jc),
884,orudis,ketoprofen,"200mg, sr",capsule,28,(sw),
885,oruvail,ketoprofen,"200mg, sr",capsule,28,(av),
886,acular ,ketorolac trometamol,"5mg/ml, 5ml",eye drop,1,(ag),
887,trandate,labetalol,200mg,tablet,100,(si),
888,presolol,labetalol,200mg,tablet,100,(af),
889,presolol,labetalol,100mg,tablet,100,(af),
890,genrx lactulose mixture,lactulose,500ml,mixture,1,(gx),
891,lamictal,lamotrigine,25mg,tablet,56,(gk),
892,lamictal,lamotrigine,50mg,tablet,56,(gk),
893,lamictal,lamotrigine,100mg,tablet,56,(gk),
894,lamictal,lamotrigine,200mg,tablet,56,(gk),
895,lamictal,lamotrigine,5mg,tablet,56,(gk),
896,zoton fastab,lansoprazole,30mg,tablet,28,(wx),
897,zoton fastab,lansoprazole,15mg,tablet,28,(wx),
898,xalatan,latanoprost,"50mcg/ml, 2.5ml",eye drop,1,(pf),
899,xalacom,latanoprost$timolol,"50mcg/5mg, 2.5ml",eye drop,1,(pf),
900,arava,leflunomide,10mg,tablet,30,(sw),
901,arava,leflunomide,20mg,tablet,30,(sw),
902,arabloc,leflunomide,20mg,tablet,30,(av),
903,zan-extra,lercanid$enalapril,10mg/10mg,tablet,28,(sm),
904,zan-extra,lercanid$enalapril,10mg/20mg,tablet,28,(sm),
905,zanidip,lercanidipine,10mg,tablet,28,(sm),
906,zanidip,lercanidipine,20mg,tablet,28,(sm),
907,femara,letrozole,2.5mg,tablet,30,(nv),
908,keppra,levetiracetam,250mg,tablet,60,(uc),
909,keppra,levetiracetam,500mg,tablet,60,(uc),
910,keppra,levetiracetam,1000mg,tablet,60,(uc),
911,madopar rapid 62.5,levodopa$benserazide,50mg/12.5mg,tablet,100,(ro),
912,madopar,levodopa$benserazide,200mg/50mg,tablet,100,(ro),
913,madopar 125,levodopa$benserazide,100mg/25mg,tablet,100,(ro),
914,madopar 125,levodopa$benserazide,100mg/25mg,capsule,100,(ro),
915,madopar,levodopa$benserazide,200mg/50mg,capsule,100,(ro),
916,madopar 62.5,levodopa$benserazide,50mg/12.5mg,capsule,100,(ro),
917,madopar hbs,levodopa$benserazide,"100mg/25mg, sr",capsule,100,(ro),
918,sinemet,levodopa$carbidopa,100mg/25mg,tablet,100,(mk),
919,sinemet,levodopa$carbidopa,250mg/25mg,tablet,100,(mk),
920,levo/carbidopa sandoz,levodopa$carbidopa,250mg/25mg,tablet,100,(sz),
921,stalevo,levodopa$carbidopa$entacapone,150mg/37.5mg/200mg,tablet,100,(nv),
922,levlen ed,levonorg$ethinyloestradiol,"150mcg/30mcg, 28",tablet,4,(sy),
923,logynon ed,levonorgesterol$ethinyloestradiol,28,tablet,4,(sy),
924,loette,levonorgesterol$ethinyloestradiol,"100mcg/20mcg, 28",tablet,4,(wy),
925,triphasil,levonorgesterol$ethinyloestriol,28,tablet,4,(wy),
926,triquilar ed,levonorgesterol$ethinyloestriol,28,tablet,4,(sc),
927,trifeme,levonorgesterol$ethinyloestriol,28,tablet,4,(wx),
928,microlut,levonorgestrel,"30mcg, 4 x 28",tablet,4,(sc),
929,norlevo,levonorgestrel,750mcg,tablet,2,(hx),
930,postella,levonorgestrel,1.5mg,tablet,1,(apo),
931,postinor,levonorgestrel,1.5mg,tablet,1,(bay),
932,mirena,levonorgestrel,"20mcg/24hr, 52mg",intrauterine device,1,(sc),
933,microgynon 30ed,levonorgestrel$ethinyloestradiol,"150mg/30mg, 28",tablet,4,(sc),
934,microgynon 50ed,levonorgestrel$ethinyloestradiol,"125mcg/50mcg, 28",tablet,4,(sc),
935,monofeme,levonorgestrel$ethinyloestradiol,"150mcg/30mcg, 28",tablet,4,(wx),
936,microgynon 20ed,levonorgestrel$ethinyloestradiol,"100mcg/20mcg, 28",tablet,1,(sc),
937,microgynon 20ed,levonorgestrel$ethinyloestreadiol,"100mcg/20mcg, 28",tablet,3,(sc),
938,eutroxsig,levothyroxine,50mcg,tablet,200,(fm),
939,eutroxsig,levothyroxine,100mcg,tablet,200,(fm),
940,eutroxsig,levothyroxine,200mcg,tablet,200,(fm),
941,xylocaine jelly,lignocaine,"2%, 30g",gel,1,(ap),
942,lincocin,lincomycin,"600mg/2ml, 2ml",injection,5,(pf),
943,prinivil,lisinopril,10mg,tablet,30,(mk),
944,prinivil,lisinopril,20mg,tablet,30,(mk),
945,zestril,lisinopril,10mg,tablet,30,(ap),
946,zestril,lisinopril,5mg,tablet,30,(ap),
947,zestril,lisinopril,20mg,tablet,30,(ap),
948,lithicarb,lithium,250mg,tablet,200,(as),
949,quilonum,lithium carbonate,"450mg, sr",tablet,100,(gk),
950,imodium,loperamide,2mg,capsule,12,(jt),
951,gastro-stop,loperamide,2mg,capsule,30,(as),
952,ativan,lorazepam,1mg,tablet,50,(ay),
953,ativan,lorazepam,2.5mg,tablet,50,(ay),
954,movicol,macrogol,13.125g,powder,30,(ne),
955,movicol-half sach ,macrogol half sach,6.563g,sachet,30,(ne),
956,provera,medroxyprogesterone,10mg,tablet,100,(pf),
957,provera,medroxyprogesterone,5mg,tablet,56,(pf),
958,provera,medroxyprogesterone,10mg,tablet,30,(pf),
959,provera,medroxyprogesterone,2.5mg,tablet,56,(pf),
960,ralovera,medroxyprogesterone,5mg,tablet,56,(kr),
961,depo-ralovera,medroxyprogesterone acetate,150mg/ml,suspension,1 x 1ml,,
962,ponstan,mefenamic acid,250mg,capsule,50,(pc),
963,ponstan,mefenamic acid,250mg,capsule,20,,
964,lariam,mefloquine,250mg,tablet,8,(ro),
965,circadin,melatonin,2mg,tablet,30,,
966,mobic,meloxicam,7.5mg,tablet,30,(by),
967,mobic,meloxicam,15mg,tablet,30,(by),
968,mobic,meloxicam,15mg,capsule,30,(by),
969,mobic,meloxicam,7.5mg,capsule,30,(by),
970,ebixa,memantine,10mg,tablet,56,(lu),
971,mencevax acwy,meningococcal,0.5ml,injection,1,(cs),
972,purinethol,mercaptopurine,50mg,tablet,25,(as),
973,mesasal,mesalazine,"250mg, ec",tablet,100,(gk),
974,salofalk,mesalazine,"500mg, ec",tablet,100,(oa),
975,pentasa,mesalazine,"500mg, pr",tablet,100,(fp),
976,salofalk,mesalazine,"500mg, 100",sachet,1,(oa),
977,salofalk,mesalazine,"1g, 100",sachet,1,(oa),
978,glucophage,metformin,500mg,tablet,100,(mq),
979,glucophage,metformin,850mg,tablet,60,(mq),
980,diaformin xr 1g,metformin xr,1g,tablet,60,(al),
981,glucovance,metformin$glibenclamide,250mg/1.25mg,tablet,90,(al),
982,physeptone,methadone,10mg,tablet,20,(si),
983,methoblastin,methotrexate,2.5mg,tablet,30,(pf),
984,methoblastin,methotrexate,10mg,tablet,15,(pf),
985,methoblastin,methotrexate,10mg,tablet,50,(pf),
986,ritalin,methylphenidate,10mg,tablet,100,(nv),
987,concerta,methylphenidate,"18mg, er",tablet,30,(jc),
988,concerta,methylphenidate,"54mg, er",tablet,30,(jc),
989,concerta,methylphenidate,"27mg, er",tablet,30,(jc),
990,ritalin la,methylphenidate,"20mg, mr",capsule,30,(nv),
991,ritalin la,methylphenidate,"30mg, mr",capsule,30,(nv),
992,advantan,methylprednisolone,"0.1%, 15g",cream,1,(cs),
993,advantan fatty,methylprednisolone,"0.1%, 15g",ointment,1,(cs),
994,advantan,methylprednisolone,"0.1%, 15g",ointment,1,(cs),
995,advantan,methylprednisolone,"0.1%, 20g",lotion,1,(cs),
996,pramin,metoclopramide,10mg,tablet,25,(af),
997,maxolon,metoclopramide,10mg,tablet,25,(vt),
998,maxolon,metoclopramide,10mg/2ml,injection,10,(vt),
999,toprol-xl,metoprolol succinate,"23.75, cr",tablet,15,(ap),
1000,toprol-xl,metoprolol succinate,"47.5, cr",tablet,30,(ap),
1001,toprol-xl,metoprolol succinate,"95mg, cr",tablet,30,(ap),
1002,toprol-xl,metoprolol succinate,"190mg, cr",tablet,30,(ap),
1003,lopresor,metoprolol tartrate,100mg,tablet,60,(nv),
1004,lopresor,metoprolol tartrate,50mg,tablet,100,(nv),
1005,minax,metoprolol tartrate,100mg,tablet,100,(af),
1006,minax,metoprolol tartrate,50mg,tablet,100,(af),
1007,flagyl,metronidazole,200mg,tablet,21,(sw),
1008,metrogyl,metronidazole,400mg,tablet,21,(af),
1009,metrogyl,metronidazole,200mg,tablet,21,(af),
1010,flagyl,metronidazole,400mg,tablet,21,(sw),
1011,rozex,metronidazole,"0.75%, 30g",cream,1,(ga),
1012,flagyl s,metronidazole,"200mg/5ml, 100ml",suspension,1,(sw),
1013,rozex,metronidazole,0.75% 50g,gel,1,(ga),
1014,zidoval,metronidazole,"0.75%, 40g",vaginal gel,5,(ia),
1015,tolvon,mianserin,10mg,tablet,50,(sh),
1016,lumin,mianserin,20mg,tablet,50,(af),
1017,minomycin,minocycline,50mg,tablet,60,(si),
1018,akamin,minocycline,50mg,tablet,60,(af),
1019,akamin,minocycline,100mg,capsule,11,(af),
1020,avanza,mirtazapine,30mg,tablet,30,(sh),
1021,avanza soltab,mirtazapine,30mg,tablet,30,(sh),
1022,avanza soltab,mirtazapine,45mg,tablet,30,(sh),
1023,avanza,mirtazapine,45mg,tablet,30,(sh),
1024,aurorix,moclobemide,150mg,tablet,60,(ro),
1025,aurorix,moclobemide,300mg,tablet,60,(ro),
1026,spikevax covid-19 vaccine,moderna,0.5 ml,vaccine,10,moderna,
1027,elocon,mometasone,"0.1%, 15g",cream,1,(sh),
1028,elocon,mometasone,"0.1%, 45g",cream,1,(sh),
1029,nasonex old,mometasone,"0.05%, 140dse",nasal spray,1,(sh),
1030,nasonex old,mometasone,"0.05%, 65d",nasal spray,1,(sh),
1031,nasonex,mometasone,"0.05%, 140dse",nasal spray,1,(sh),
1032,nasonex,mometasone,"0.05%, 65dse",nasal spray,1,(sh),
1033,elocon,mometasone,"0.1%, 15g",ointment,1,(sh),
1034,elocon,mometasone,"0.1%, 45g",ointment,1,(sh),
1035,novasone,mometasone,"0.1%, 15g",ointment,1,(ex),
1036,elocon ointment,mometasone,0.1% w/w,ointment,15g,,
1037,elocon,mometasone,"0.1%, 30ml",lotion,1,(sh),
1038,novasone,mometasone,"0.1%, 30ml",lotion,1,(ex),
1039,singulair,montelukast,4mg,tablet,28,(mk),
1040,singulair,montelukast,5mg,tablet,28,(mk),
1041,singulair,montelukast,10mg,tablet,28,(mk),
1042,morphine sulfate (dbl),morphine,"10mg/ml, 1ml",injection,5,(hh),
1043,morphine sulfate (dbl),morphine,"30mg/ml, 1ml",injection,5,(hh),
1044,kapanol,morphine sulfate,"20mg, sr",capsule,28,(gk),
1045,kapanol,morphine sulfate,"50mg, sr",capsule,28,(gk),
1046,kapanol,morphine sulfate,"100mg, sr",capsule,28,(gk),
1047,kapanol,morphine sulfate,"10mg, sr",capsule,28,(gk),
1048,ms contin,morphine sulphate,"100mg, mr",tablet,28,(mf),
1049,anamorph,morphine sulphate,30mg,tablet,20,(fm),
1050,ms contin,morphine sulphate,"10mg, mr",tablet,28,(mf),
1051,ms contin,morphine sulphate,"30mg, mr",tablet,28,(mf),
1052,ms contin,morphine sulphate,"60mg, mr",tablet,28,(mf),
1053,ms contin,morphine sulphate,"5mg, mr",tablet,28,(mf),
1054,ms contin,morphine sulphate,"15mg, mr",tablet,28,(mf),
1055,physiotens,moxonidine,200mcg,tablet,30,(sm),
1056,bactroban ,mupirocin,"2%, 15g",cream,1,(gk),
1057,bactroban,mupirocin ,"2%, 15g",ointment,1,(gk),
1058,bactroban,mupirocin,"2%, 3g",nasal ointment,1,(gk),
1059,revia,naltrexone,50mg,tablet,30,(bq),
1060,inza,naproxen,250mg,tablet,50,(af),
1061,naprosyn,naproxen,250mg,tablet,50,(ro),
1062,naprosyn,naproxen,500mg,tablet,50,(ro),
1063,inza,naproxen,500mg,tablet,50,(af),
1064,proxen,naproxen,"1000mg, sr",tablet,28,(md),
1065,proxen,naproxen,"750mg, sr",tablet,28,(md),
1066,naprosyn,naproxen,"1000mg, sr",tablet,28,(ro),
1067,naprosyn,naproxen,"750mg, sr",tablet,28,(ro),
1068,anaprox,naproxen sodium,550mg,tablet,50,(ro),
1069,naramig,naratriptan,2.5mg,tablet,4,(gk),
1070,tilade,nedocromil,"2mg/d, 112d",inhaler,1,(sw),
1071,mixtard 50/50 penfill,neutral insulin$isophane insulin,"100units/ml, 3ml",injection,5,(no),
1072,mixtard 30/70 penfill,neutral insulin$isophane insulin,"100units/ml, 3ml",injection,5,(no),
1073,mixtard 30/70 innolet,neutral insulin$isophane insulin,"100units/ml, 3ml",injection,5,(ni),
1074,ikorel,nicorandil,10mg,tablet,60,(sw),
1075,ikorel,nicorandil,20mg,tablet,60,(sw),
1076,nicorette,nicotine,"15mg/16hr, 28",patch,1,(jt),
1077,adalat,nifedipine,20mg,tablet,60,(bn),
1078,adalat,nifedipine,10mg,tablet,60,(bn),
1079,adalat oros,nifedipine,"60mg, cr",tablet,30,(bn),
1080,adalat oros,nifedipine,"30mg, cr",tablet,30,(bn),
1081,adalat oros,nifedipine,20mg cr,tablet,30,(bn),
1082,adefin,nifedipine,10mg,tablet,60,(af),
1083,adefin,nifedipine,20mg,tablet,60,(af),
1084,mogadon,nitrazepam,5mg,tablet,25,(vt),
1085,alodorm,nitrazepam,5mg,tablet,25,(af),
1086,macrodantin,nitrofurantoin,50mg,capsule,30,(pf),
1087,macrodantin,nitrofurantoin,100mg,capsule,30,(pf),
1088,tazac,nizatidine,150mg,capsule,60,(as),
1089,tazac,nizatidine,300mg,capsule,30,(as),
1090,nizac,nizatidine,150mg,capsule,60,(ln),
1091,nizac,nizatidine,300mg,capsule,30,(ln),
1092,tacidine,nizatidine,150mg,capsule,60,(af),
1093,improvil 28,norethist$eth-oes 28 biphasic,,tablet,4x28,(kr),
1094,noriday,norethisterone,"0.35mg, 28",tablet,4,(pf),
1095,primolut n,norethisterone,5mg,tablet,30,(sc),
1096,micronor 28,norethisterone,0.35mg,tablet,4x28,(jc),
1097,locilan 28,norethisterone,0.35mg,tablet,4x28,(kr),
1098,norimin,norethisterone$ethinyloestradiol,"500mcg/35mcg, 28",tablet,4,(kr),
1099,norimin-1,norethisterone$ethinyloestradiol,"1mg/35mcg, 28",tablet,4,(kr),
1100,norinyl-1,norethisterone$mestranol,"1mg/50mcg, 28",tablet,4,(pf),
1101,noroxin,norfloxacin,400mg,tablet,14,(mk),
1102,allegron,nortriptyline,25mg,tablet,50,(as),
1103,allegron,nortriptyline,10mg,tablet,50,(as),
1104,nilstat,nystatin,"500,000units",tablet,50,(si),
1105,nilstat,nystatin,"100,000units/5g, 75g",vaginal cream,1,(si),
1106,nilstat,nystatin,"100,000units/5g, 75g",vaginal cream,1,,
1107,nilstat,nystatin,"100,000units/ml, 24ml",oral drops,1,(si),
1108,sandrena,oestradiol,0.10%,sachet,28,(sh),
1109,vagifem low,oestradiol,"10mcg, cr, 18",pessary,1,(no),
1110,estraderm 25 patches -8,oestradiol,2mg,patch,8,(nv),
1111,estraderm 50 patches -8,oestradiol,,patch,8,(nv),
1112,estraderm 100,oestradiol,100mcg,patch,8,(nv),
1113,progynova,oestradiol = estradiol,1mg,tablet,56,(sc),
1114,progynova,oestradiol = estradiol,2mg,tablet,56,(sc),
1115,femoston 2/10,oestradiol$dydrogesterone,2mg/10mg,tablet,28,(sm),
1116,premia 2.5 continuous,oestradiol$medroxyprogesterone,0.625mg/2.5mg,tablet,28,(wx),
1117,premia 5 continuous,oestradiol$medroxyprogesterone,0.625mg/5mg,tablet,28,(wx),
1118,trisequens,oestradiol$norethisterone,28,tablet,1,(no),
1119,kliogest 28,oestradiol$norethisterone,2mg/1mg,tablet,30,(no),
1120,kliovance 28,oestradiol$norethisterone,1mg/0.5mg,tablet,30,(no),
1121,ovestin,oestriol ,"0.1%, 15g",vaginal cream,1,(sh),
1122,premarin,oestrogens conjugated,0.3mg,tablet,28,(wx),
1123,premarin,oestrogens conjugated,0.625mg,tablet,28,(wx),
1124,ocuflox,ofloxacin,"0.3%, 5ml",eye drop,1,(ag),
1125,zyprexa,olanzapine,5mg,tablet,28,(ly),
1126,zyprexa,olanzapine,7.5mg,tablet,28,(ly),
1127,zyprexa,olanzapine,10mg,tablet,28,(ly),
1128,zyprexa,olanzapine,2.5mg,tablet,28,(ly),
1129,zyprexa zydis,olanzapine,5mg,wafer,28,(ly),
1130,zyprexa zydis,olanzapine,10mg,wafer,28,(ly),
1131,olmetec,olmesartan,20mg,tablet,30,(sh),
1132,olmetec,olmesartan,40mg,tablet,30,(sh),
1133,sevikar,olmesartan$amlodipine,40mg/5mg,tablet,30,(sh),
1134,sevikar,olmesartan$amlodipine,40mg/10mg,tablet,30,(sh),
1135,olmetec plus,olmesartan$hydrochlorothiazide,20mg/12.5mg,tablet,30,(sh),
1136,olmetec plus,olmesartan$hydrochlorothiazide,40mg/12.5mg,tablet,30,(sh),
1137,olmetec plus,olmesartan$hydrochlorothiazide,40mg/25mg,tablet,30,(sh),
1138,patanol,olopatadine,"1mg/ml, 5ml",eye drop,1,(aq),
1139,dipentum,olsalazine sodium,500mg,tablet,100,(uc),
1140,dipentum,olsalazine sodium,250mg,capsule,100,(uc),
1141,probitor hp7,omepraz$clarit$amoxy pack,,pack,1,(sz),
1142,losec,omeprazole,10mg,tablet,30,(ap),
1143,losec,omeprazole,20mg,tablet,30,(ap),
1144,acimax,omeprazole,20mg,tablet,30,(al),
1145,probitor,omeprazole,"20mg, ec",capsule,30,(sz),
1146,zofran,ondansetron,8mg,tablet,4,(gk),
1147,zofran,ondansetron,4mg,tablet,10,(gk),
1148,norflex,orphenadrine citrate,100mg,tablet,100,(mm),
1149,tamiflu,oseltamivir,75mg,capsule,10,(ro),
1150,serepax,oxazepam,15mg,tablet,25,(si),
1151,serepax,oxazepam,30mg,tablet,25,(si),
1152,alepam,oxazepam,15mg,tablet,25,(af),
1153,alepam,oxazepam,30mg,tablet,25,(af),
1154,murelax,oxazepam,30mg,tablet,25,(fm),
1155,trental,oxpentifylline,400mg,tablet,50,(av),
1156,ditropan,oxybutynin,5mg,tablet,100,(sw),
1157,oxytrol,oxybutynin,"3.9mg/24hr, 8",patch,1,(hh),
1158,endone,oxycodone,5mg,tablet,20,(si),
1159,oxycontin,oxycodone,"10mg, cr",tablet,28,(mf),
1160,oxycontin,oxycodone,"20mg, cr",tablet,28,(mf),
1161,oxycontin,oxycodone,"40mg, cr",tablet,28,(mf),
1162,oxycontin,oxycodone,"80mg, cr",tablet,28,(mf),
1163,oxycontin,oxycodone,"15mg, cr",tablet,28,(mf),
1164,oxycontin,oxycodone,"30mg,cr",tablet,28,(mf),
1165,oxynorm,oxycodone,5mg,capsule,20,(mf),
1166,oxynorm,oxycodone,10mg,capsule,20,(mf),
1167,oxynorm,oxycodone,20mg,capsule,20,(mf),
1168,proladone,oxycodone,30mg,suppository,12,(pl),
1169,oxycontin,oxycodone ,30 mg,er tablet,100 tablets,purdu,
1170,oxycontin cr,oxycodone cr,5mg,tablet,28,(mf),
1171,somac,pantoprazole,20mg,tablet,30,(nq),
1172,somac,pantoprazole,40mg ,tablet,30,(nq),
1173,somac,pantoprazole,"40mg, ec",granules,30,(nq),
1174,pantoprazole,pantoprazole sandoz,40mg,powder,10,(..),
1175,panamax,paracetamol,500mg,tablet,100,(sw),
1176,panadol osteo,paracetamol,"665mg, sr",tablet,96,(gc),
1177,panamax,paracetamol,"120mg/5ml, 100ml",elixir,1,(sw),
1178,panamax 240,paracetamol,"240mg/5ml, 200ml",elixir,1,(sw),
1179,panadeine forte,paracetamol$codeine,500mg/30mg,tablet,20,(sw),
1180,mersyndol forte,paracetamol$codeine$doxylamine,450mg/30mg/5mg,tablet,20,(av),
1181,polyvisc,paraffin,"3.5g, 2",eye ointment,1,(iq),
1182,lacrilube 3.5g 2,paraffin co,3.5g,eye ointment,1,(ag),
1183,aropax,paroxetine,20mg,tablet,30,(gk),
1184,abbocillin vk,penicillin v,250mg,tablet,25,(si),
1185,abbocillin vk film,penicillin v,500mg,tablet,30,(si),
1186,cilicaine v,penicillin v,150mg/5ml,suspension,1,(fm),
1187,permax,pergolide mesylate,1mg,tablet,100,(as),
1188,pexsig,perhexiline maleate,100mg,tablet,100,(si),
1189,neulactil,pericyazine = periciazine,2.5mg,tablet,100,(sw),
1190,neulactil,pericyazine = periciazine,10mg,tablet,100,(sw),
1191,pethidine (dbl),pethidine,"100mg/2ml, 2ml",injection,5,(ap),
1192,phenobarb,phenobarbitone,30mg,tablet,200,(si),
1193,cilicaine vk,phenoxymethylpenicillin,500mg,capsule,50,(ap),
1194,cilicaine vk,phenoxymethylpenicillin,250mg,capsule,50,(ap),
1195,duromine,phentermine,30mg,capsule,30,(mm),
1196,duromine,phentermine,15mg,capsule,30,(mm),
1197,duromine,phentermine,40mg,capsule,30,(mm),
1198,metermine,phentermine,30mg,capsule,30,(ia),
1199,metermine,phentermine,40mg,capsule,30,(ia),
1200,dilantin,phenytoin sodium,100mg,capsule,200,(pf),
1201,dilantin,phenytoin sodium,30mg,capsule,200,(pf),
1202,isopto carpine,pilocarpine ,"1%, 15ml",eye drop,1,(aq),
1203,isopto carpine,pilocarpine ,"2%, 15ml",eye drop,1,(aq),
1204,isopto carpine,pilocarpine ,"4%, 15ml",eye drop,1,(aq),
1205,elidel ,pimecrolimus,"1%, 15g",cream,1,(nv),
1206,elidel ,pimecrolimus,"1%, 30g",cream,1,(nv),
1207,visken,pindolol,15mg,tablet,50,(nv),
1208,visken,pindolol,5mg,tablet,100,(nv),
1209,actos,pioglitazone,15mg,tablet,28,(ly),
1210,actos,pioglitazone,30mg,tablet,28,(ly),
1211,actos,pioglitazone,45mg,tablet,28,(ly),
1212,feldene-d,piroxicam,20mg,tablet,25,(pf),
1213,mobilis d,piroxicam,10mg,tablet,50,(af),
1214,mobilis d,piroxicam,20mg,tablet,25,(af),
1215,feldene,piroxicam,10mg,capsule,50,(pf),
1216,feldene,piroxicam,20mg,capsule,25,(pf),
1217,sandomigran,pizotifen,0.5mg,tablet,100,(nv),
1218,pneumovax 23,pneumococcal,0.5ml,injection,1,(cs),
1219,prevnar 20,pnuemococcal conjugate vaccine,,vaccine,10,,
1220,liquifilm tears,polyvinyl alcohol,"1.4%, 15ml",eye drop,1,(ag),
1221,pva forte,polyvinyl alcohol,"30mg/ml, 15ml",eye drop,1,(pe),
1222,slow k,potassium chlor,600mg,tablet,200,(nv),
1223,duro-k,potassium chlor,600mg,tablet,200,(nm),
1224,span k,potassium chloride,"600mg,sr",tablet,200,(as),
1225,potassium dihydrogen phosphate,potassium dihydrogen phosphate,1.361g in 10ml,injection,10,(..),
1226,sifrol,pramipexole,125mcg,tablet,30,(by),
1227,sifrol,pramipexole,250mcg,tablet,100,(by),
1228,sifrol,pramipexole,1mg,tablet,100,(by),
1229,sifrol,pramipexole,"3mg, er",tablet,30,(by),
1230,effient,prasugrel,10mg,tablet,28,(ly),
1231,pravachol,pravastatin,10mg,tablet,30,(fm),
1232,pravachol,pravastatin,20mg,tablet,30,(fm),
1233,pravachol,pravastatin,40mg,tablet,30,(fm),
1234,pravachol,pravastatin,80mg,tablet,30,(fm),
1235,minipress,prazosin,1mg,tablet,100,(pf),
1236,minipress,prazosin,2mg,tablet,100,(pf),
1237,minipress,prazosin,5mg,tablet,100,(pf),
1238,panafcortelone,prednisolone,1mg,tablet,100,(as),
1239,panafcortelone,prednisolone,5mg,tablet,60,(as),
1240,solone,prednisolone,5mg,tablet,60,(fm),
1241,panafcortelone,prednisolone,25mg,tablet,30,(as),
1242,solone,prednisolone,25mg,tablet,30,(fm),
1243,predmix,prednisolone,"5mg/ml, 30ml",mixture,1,(ln),
1244,redipred,prednisolone,"5mg/ml, 30ml",mixture,1,(as),
1245,predsol,prednisolone sodium phosphate,5mg,suppository,10,(si),
1246,scheriproct,prednisolone$cinchocaine,"1.3mg/1mg, 12",suppository,1,(cs),
1247,scheriproct,prednisolone$cinchocaine,"0.19%/0.50%, 10g",ointment,1,(cs),
1248,scheriproct,prednisolone$cinchocaine,"0.19%/0.50%, 30g",ointment,1,(cs),
1249,prednefrin forte,prednisolone$phenylephrine,"1.2mg/ml, 10ml",eye drop,1,(ag),
1250,panafcort,prednisone,1mg,tablet,100,(as),
1251,panafcort,prednisone,5mg,tablet,60,(as),
1252,panafcort,prednisone,25mg,tablet,30,(as),
1253,lyrica,pregabalin,75mg,capsule,56,(pf),
1254,lyrica,pregabalin,150mg,capsule,56,(pf),
1255,lyrica,pregabalin,300mg,capsule,56,(pf),
1256,lyrica,pregabalin,25mg,capsule,56,(pf),
1257,mysoline,primidone,250mg,tablet,200,(lm),
1258,pro-cid,probenecid,500mg,tablet,100,(pl),
1259,cilicaine,procaine penicill,1.5g/3.4ml,injection,5,(si),
1260,prochlorperazine-apo,prochlorperazine,5mg,tablet,25,(tx),
1261,stemetil,prochlorperazine,"5mg, 5",suppository,1,(sw),
1262,stemetil,prochlorperazine maleate,5mg,tablet,25,(sw),
1263,stemetil,prochlorperazine mesylate,12.5mg/ml,injection,10,(sw),
1264,probanthine,propantheline,15mg,tablet,100,(si),
1265,inderal,propranolol,10mg,tablet,100,(ap),
1266,inderal,propranolol,40mg,tablet,100,(ap),
1267,ptu,propylthiouracil,50mg,tablet,100,(pl),
1268,seroquel xr,quetiapine,200mg,modified release tablet,60,,
1269,seroquel,quetiapine fumarate,25mg,tablet,60,(ap),
1270,seroquel,quetiapine fumarate,100mg,tablet,90,(ap),
1271,seroquel,quetiapine fumarate,200mg,tablet,60,(ap),
1272,seroquel xr,quetiapine fumarate,50mg,modified release tablet,60,(ap),
1273,seroquel xr,quetiapine fumarate,300mg,modified release tablet,60,(ap),
1274,accupril,quinapril,5mg,tablet,30,(pf),
1275,accupril,quinapril,20mg,tablet,30,(pf),
1276,accupril,quinapril,10mg,tablet,30,(pf),
1277,accuretic,quinapril$hydrochlorothiazide,10mg/12.5mg,tablet,30,(pf),
1278,accuretic,quinapril$hydrochlorothiazide,20mg/12.5mg,tablet,30,(pf),
1279,quinbisul,quinine bisulphate,300mg,tablet,50,(as),
1280,quinate,quinine sulphate,300mg,tablet,50,(as),
1281,pariet,rabeprazole,10mg,tablet,28,(jc),
1282,pariet,rabeprazole,20mg,tablet,30,(jc),
1283,evista,raloxifene,60mg,tablet,28,(ly),
1284,tritace,ramipril,2.5mg,tablet,30,(sw),
1285,tritace,ramipril,5mg,tablet,30,(sw),
1286,tritace,ramipril,1.25mg,tablet,30,(sw),
1287,tritace,ramipril,10mg,tablet,30,(sw),
1288,tritace,ramipril,10mg,capsule,30,(sw),
1289,genrx ramipril,ramipril,10mg,capsule,30,(gx),
1290,ramipril-ga,ramipril,1.25mg,capsule,30,(gm),
1291,ramipril-ga,ramipril,10mg,capsule,30,(gm),
1292,triasyn ,ramipril$felodipine,"5mg/5mg, mr",tablet,30,(sw),
1293,zantac,ranitidine,300mg,tablet,30,(gk),
1294,zantac,ranitidine,150mg,tablet,60,(gk),
1295,zantac efferv,ranitidine,150mg,tablet,2x15,(gk),
1296,rani 2,ranitidine,150mg,tablet,60,(af),
1297,rani 2,ranitidine,300mg,tablet,30,(af),
1298,zantac,ranitidine,300ml,syrup,300ml,(gk),
1299,edronax,reboxetine,4mg,tablet,60,(pf),
1300,shingrix,recombinant zoster vaccine,0.5 ml,vaccine,10,,
1301,actonel,risedronate,30mg,tablet,28,(sw),
1302,actonel once-a-week,risedronate,35mg,tablet,4,(sw),
1303,actonel once-a-month,risedronate,150mg,tablet,1,(sw),
1304,actonel combi 4/24,risedronate$calc carb 4$24,,tablet,28,(sw),
1305,risperdal,risperidone,1mg,tablet,60,(jc),
1306,risperdal,risperidone,3mg,tablet,60,(jc),
1307,risperdal,risperidone,2mg,tablet,60,(jc),
1308,risperdal,risperidone,4mg,tablet,60,(jc),
1309,risperdal quicklet,risperidone,0.5mg,tablet,28,(jc),
1310,risperdal quicklet,risperidone,2mg,tablet,28,(jc),
1311,risperdal,risperidone,0.5mg,tablet,20,(jc),
1312,risperdal quicklet,risperidone,3mg,tablet,28,(jc),
1313,risperdal quicklet,risperidone,4mg,tablet,28,(jc),
1314,xarelto,rivaroxaban,15mg,tablet,28,(bn),
1315,xarelto,rivaroxaban,20mg,tablet,28,(bn),
1316,xarelto,rivaroxaban,15mg,tablet,42,(bn),
1317,xarelto,rivaroxaban,10mg,tablet,30,(sw),
1318,exelon,rivastigmine,3mg,capsule,56,(nv),
1319,maxalt,rizatriptan,10mg,wafer,2,(mk),
1320,avandamet,rosiglitaz 2mg$metform,500mg,tablet,56,(gk),
1321,avandamet /1g,rosiglitaz 4mg$metform,1g,tablet,56,(gk),
1322,avandia,rosiglitazone,4mg,tablet,28,(gk),
1323,avandia,rosiglitazone,8mg,tablet,28,(gk),
1324,avandamet,rosiglitazone$metformin,4mg/500mg,tablet,56,(gk),
1325,avandamet,rosiglitazone$metformin,2mg/1g,tablet,56,(gk),
1326,crestor,rosuvastatin,5mg,tablet,30,,
1327,crestor,rosuvastatin,10mg,tablet,30,,
1328,crestor,rosuvastatin,20mg,tablet,30,,
1329,crestor,rosuvastatin,40mg,tablet,30,,
1330,rulide,roxithromycin,150mg,tablet,10,(sw),
1331,rulide d,roxithromycin,50mg,tablet,10,(sw),
1332,biaxsig,roxithromycin,150mg,tablet,10,(av),
1333,biaxsig,roxithromycin,300mg,tablet,5,(av),
1334,rulide,roxithromycin,300mg,tablet,5,(sw),
1335,ventolin,salbutamol,"2mg/5ml, 150ml",syrup,1,(gk),
1336,ventolin rotacaps,salbutamol,200mcg,rotacap,30,(gk),
1337,ventolin,salbutamol,"100mcg, 200d",inhaler,1,(gk),
1338,asmol,salbutamol,"100mcg/d, 200d",inhaler,1,(al),
1339,ventolin,salbutamol,"100mcg, 200d",inhaler,1,,
1340,ventolin,salbutamol,"2.5mg/2.5ml, 30",nebules,1,(gk),
1341,ventolin,salbutamol,"5mg/2.5ml, 30",nebules,1,(gk),
1342,asmol uni-dose,salbutamol,"2.5mg/2.5ml,30",nebules,1,(af),
1343,airomir,salbutamol,"100mcg/d, 200d",autohaler,1,(ia),
1344,serevent,salmeterol,"50mcg, 60d",accuhaler,1,(gk),
1345,typherix,salmonella typhi,0.5ml,injection,1,(sk),
1346,selgene,selegiline,5mg,tablet,100,(af),
1347,zoloft,sertraline,100mg,tablet,30,(pf),
1348,zoloft,sertraline,50mg,tablet,30,(pf),
1349,renagel,sevelamer,800mg,tablet,180,(gz),
1350,viagra,sildenafil,25mg,tablet,4,(pf),
1351,viagra,sildenafil,50mg,tablet,4,(pf),
1352,viagra,sildenafil,100mg,tablet,4,(pf),
1353,flamazine,silver sulfadiazine,"1%, 50g",cream,1,(sn),
1354,lipex,simvastatin,80mg,tablet,30,(fr),
1355,zocor,simvastatin,80mg,tablet,30,(mk),
1356,lipex,simvastatin,10mg,tablet,30,(fr),
1357,lipex,simvastatin,20mg,tablet,30,(fr),
1358,zocor,simvastatin,10mg,tablet,30,(mk),
1359,zocor,simvastatin,20mg,tablet,30,(mk),
1360,zocor,simvastatin,5mg,tablet,30,(mk),
1361,lipex,simvastatin,40mg,tablet,30,(fr),
1362,zocor,simvastatin,40mg,tablet,30,(mk),
1363,zimstat,simvastatin,5mg,tablet,30,(af),
1364,zimstat,simvastatin,10mg,tablet,30,(af),
1365,zimstat,simvastatin,20mg,tablet,30,(af),
1366,zimstat,simvastatin,40mg,tablet,30,(af),
1367,zimstat,simvastatin,80mg,tablet,30,(af),
1368,januvia,sitagliptin,25mg,tablet,28,(mk),
1369,januvia,sitagliptin,50mg,tablet,28,(mk),
1370,januvia,sitagliptin,100mg,tablet,30,(mk),
1371,janumet,sitagliptin$metformin,50mg/500mg,tablet,56,(mk),
1372,janumet,sitagliptin$metformin,50mg/850mg,tablet,56,(mk),
1373,janumet,sitagliptin$metformin,50mg/1000mg,tablet,56,(mk),
1374,opticrom,sod cromoglycate,2%,eye drop,1,(sw),
1375,sodibic,sodium bicarbonate,840mg,capsule,100,(as),
1376,sodium bicarbonate,sodium bicarbonate,8.40%,injection,10,(..),
1377,intal,sodium cromoglycate,"1mg/d, 200d",inhaler,1,(sw),
1378,intal forte,sodium cromoglycate,"5mg/d, 112d",inhaler,1,(sw),
1379,fucidin,sodium fusidate,"2%, 15g",ointment,1,(cs),
1380,epilim,sodium valproate,"500mg, ec",tablet,100,(sw),
1381,epilim crushable,sodium valproate,100mg,tablet,100,(sw),
1382,epilim,sodium valproate,"200mg, ec",tablet,100,(sw),
1383,valpro,sodium valproate,"200mg, ec",tablet,100,(af),
1384,valpro,sodium valproate,"500mg, ec",tablet,100,(af),
1385,epilim sf,sodium valproate,"200mg/5ml, 300ml",oral liquid,1,(sw),
1386,vesicare,solifenacin,5mg,tablet,30,(aw),
1387,vesicare,solifenacin,10mg,tablet,30,(aw),
1388,sotacor,sotalol,160mg,tablet,60,(fm),
1389,cardol,sotalol,160mg,tablet,60,(af),
1390,sotacor,sotalol,80mg,tablet,60,(fm),
1391,solavert,sotalol hydrochloride,80mg,tablet,60,(si),
1392,solavert,sotalol hydrochloride,160mg,tablet,60,(si),
1393,tearsagain ,soy lecithin,1% 10ml,eye spray,1,(rb),
1394,spiractin,spironolactone,100mg,tablet,100,(af),
1395,aldactone,spironolactone,25mg,tablet,100,(pf),
1396,aldactone,spironolactone,100mg,tablet,100,(pf),
1397,spiractin,spironolactone,25mg,tablet,100,(af),
1398,ulcyte,sucralfate,1g,tablet,120,(af),
1399,salazopyrin,sulfasalazine,500mg,tablet,100,(pf),
1400,salazopyrin,sulfasalazine,"500mg, en",tablet,100,(pf),
1401,pyralin,sulfasalazine,"500mg, en",tablet,100,(kr),
1402,aclin,sulindac,100mg,tablet,50,(af),
1403,sumatriptan,sumatripan,50mg,tablet,2,,
1404,imigran,sumatriptan,50mg,tablet,4,(gk),
1405,imigran,sumatriptan,100mg,tablet,2,(gk),
1406,imigran,sumatriptan,"20mg/0.1ml, 2",nasal spray,1,(gk),
1407,prograf,tacrolimus,5mg/ml,injection,10,(as),
1408,nolvadex d,tamoxifen,20mg,tablet,30,(ap),
1409,tamoxifen sandoz,tamoxifen citrate,20mg,tablet,60,(sz),
1410,flomaxtra,tamsulosin,400mcg,tablet,30,(cs),
1411,boostrix,"tdap (tetanus, diphtheria, acellular pertussis)",0.5ml,vaccine,10,gsk,
1412,adacel,"tdap (tetanus, diphtheria, pertussis)",0.5 ml,vaccine,10,,
1413,micardis,telmisartan,40mg,tablet,28,(by),
1414,micardis,telmisartan,80mg,tablet,28,(by),
1415,micardis plus,telmisartan$hydroch,40/12,tablet,28,(by),
1416,micardis plus,telmisartan$hydrochlorothiazide,80mg/12.5mg,tablet,28,(by),
1417,micardis plus,telmisartan$hydrochlorothiazide,80mg/25mg,tablet,28,(by),
1418,normison,temazepam,10mg,tablet,25,(si),
1419,temtabs,temazepam,10mg,tablet,25,(fm),
1420,temaze,temazepam,10mg,tablet,25,(af),
1421,temazepam-apo,temazepam,10mg,tablet,25,(tx),
1422,genvoya,tenofovir$alafenamide$emtricitabine$elvitegravir$cobicistat,10mg/200mg/150mg/150mg,tablet,30,(gd),
1423,truvada,tenofovir$emtricitabine,300mg/200mg,tablet,30,(gi),
1424,truvada,tenofovir$emtricitabine,-,tablet,30,,
1425,lamisil,terbinafine,250mg,tablet,42,(nv),
1426,sustanon,testosterone,250mg/ml,injection,1,(sh),
1427,sustanon 100,testosterone,100mg,injection,30,(sh),
1428,testogel,testosterone,"50mg/5g, 30",sachet,1,(sc),
1429,reandron,testosterone undecanoate,1000mg/4ml,injection,1,(sc),
1430,nuelin,theophylline,"250mg, sr",tablet,100,(ia),
1431,nuelin,theophylline,"200mg, sr",tablet,100,(ia),
1432,nuelin,theophylline,"300mg, sr",tablet,100,(ia),
1433,oroxine,thyroxine,50mcg,tablet,200,(si),
1434,oroxine,thyroxine,100mcg,tablet,200,(si),
1435,oroxine,thyroxine,200mcg,tablet,200,(si),
1436,oroxine,thyroxine,75mcg,tablet,200,(si),
1437,surgam,tiaprofenic acid,300mg,tablet,60,(sw),
1438,livial,tibolone,2.5mg,tablet,28,(sh),
1439,timoptol,timolol,"0.5%, 5ml",eye drop,1,(fr),
1440,tenopt,timolol ,"0.25%, 5ml",eye drop,1,(si),
1441,tenopt ,timolol,"0.50%, 5ml",eye drop,1,(si),
1442,timoptol xe ,timolol,"0.25%, 2.5ml",eye drop,1,(mk),
1443,timoptol xe,timolol,"0.50%, 2.5ml",eye drop,1,(mk),
1444,fasigyn,tinidazole,500mg,tablet,4,(pf),
1445,simplotan,tinidazole,500mg,tablet,4,(gp),
1446,spiriva,tiotropium,18mcg,capsule,30,(by),
1447,tobrex,tobramycin ,"0.3%, 5ml",eye drop,1,(aq),
1448,tobrex,tobramycin,"0.30%, 3.5g",eye ointment,1,(aq),
1449,topamax,topiramate,25mg,tablet,60,(jc),
1450,topamax,topiramate,100mg,tablet,60,(jc),
1451,topamax,topiramate,200mg,tablet,60,(jc),
1452,tramal,tramadol,"100mg, sr",tablet,20,(cs),
1453,tramal,tramadol,"150mg, sr",tablet,20,(cs),
1454,tramal,tramadol,"200mg, sr",tablet,20,(cs),
1455,tramal,tramadol,"50mg, sr",tablet,20,(cs),
1456,durotram xr,tramadol,"100mg, er",tablet,10,(ia),
1457,durotram xr,tramadol,"300mg, er",tablet,10,(ia),
1458,tramal,tramadol,50mg,capsule,20,(cs),
1459,tramal,tramadol,100mg/2ml,injection,5,(cs),
1460,gopten,trandolapril,500mcg,capsule,28,(ab),
1461,gopten,trandolapril,1mg,capsule,28,(ab),
1462,gopten,trandolapril,2mg,capsule,28,(ab),
1463,gopten,trandolapril,4mg,capsule,28,(ab),
1464,tarka,trandolapril$verapamil,"4mg/240mg, sr",tablet,28,(ab),
1465,parnate,tranylcypromine,10mg,tablet,50,(gh),
1466,travatan ,travoprost,"0.004%, 2.5ml",eye drop,1,(aq),
1467,duotrav ,travoprost$timolol,0.004%/0.5% 2.5ml,eye drop,1,(aq),
1468,stieva-a,tretinoin,0.03% 25g,cream,1,(sx),
1469,stieva-a ,tretinoin,0.05% 25g,cream,1,(sx),
1470,retrieve,tretinoin,"0.05%, 50g",cream,1,(dt),
1471,aristocort,triamcinolone,"0.02%, 100g",cream,1,(si),
1472,tricortone,triamcinolone,"0.02%, 100g",cream,1,(fm),
1473,kenacort a-10,triamcinolone,"10mg/ml, 5",injection,1,(si),
1474,otocomb otic,triamcinolone,7.5ml,ear drop,1,(fm),
1475,aristocort,triamcinolone,"0.02%, 100g",ointment,1,(si),
1476,tricortone,triamcinolone,"0.02%, 100g",ointment,1,(fm),
1477,otocomb otic,triamcinolone,5g,ear ointment,1,(fm),
1478,kenacomb,triamcinolone$neomycin$gramicidin,15g,ointment,1,(si),
1479,kenacomb otic,triamcinolone$neomycin$gramicidin,5g,ear ointment,1,(si),
1480,stelazine,trifluoperazine,1mg,tablet,100,(gh),
1481,stelazine,trifluoperazine,2mg,tablet,100,(gh),
1482,stelazine,trifluoperazine,5mg,tablet,100,(gh),
1483,vallergan,trimeprazine,7.5mg/5ml,syrup,1,(av),
1484,triprim,trimethoprim,300mg,tablet,7,(si),
1485,alprim,trimethoprim,300mg,tablet,7,(af),
1486,resprim,trimethoprim$sulfamethoxazole,80mg/400mg,tablet,10,(af),
1487,resprim forte,trimethoprim$sulfamethoxazole,160mg/800mg,tablet,10,(af),
1488,ellaone,ulipristal acetate,30mg,tablet,1,(..),
1489,ursofalk,ursodeoxycholic,250mg,capsule,100,(oa),
1490,valtrex,valaciclovir,500mg,tablet,30,(gk),
1491,valtrex,valaciclovir,500mg,tablet,42,(gk),
1492,valtrex,valaciclovir,1000mg,tablet,4,(gk),
1493,levitra,vardenafil,20mg,tablet,4,(bn),
1494,levitra,vardenafil,20mg,tablet,8,(bn),
1495,champix init pack,varenicline,"0.5mg/1mg, 53",tablet,1,(pf),
1496,champix,varenicline,"1mg, 56",tablet,1,(pf),
1497,varilrix,varicella zoster,0.5ml,injection,30,(gk),
1498,efexor-xr,venlafaxine,"75mg, sr",capsule,28,(wx),
1499,efexor-xr,venlafaxine,"150mg, sr",capsule,28,(wx),
1500,efexor-xr,venlafaxine,"37.5mg, sr",capsule,28,(wx),
1501,isoptin,verapamil,40mg,tablet,100,(ab),
1502,isoptin,verapamil,160mg,tablet,60,(ab),
1503,anpec,verapamil,40mg,tablet,100,(af),
1504,anpec,verapamil,80mg,tablet,100,(af),
1505,isoptin,verapamil,120mg,tablet,100,(ab),
1506,isoptin,verapamil,"240mg, sr",tablet,30,(ab),
1507,isoptin,verapamil,"180mg, sr",tablet,30,(ab),
1508,veracaps,verapamil,"160mg, sr",capsule,30,(si),
1509,veracaps,verapamil,"240mg, sr",capsule,30,(si),
1510,galvus,vildagliptin,50mg,tablet,60,(nv),
1511,brintellix,vortioxetine,15mg,tablet,28,(..),
1512,marevan,warfarin sodium,3mg,tablet,50,(fm),
1513,marevan,warfarin sodium,5mg,tablet,50,(fm),
1514,coumadin,warfarin sodium,1mg,tablet,50,(si),
1515,coumadin,warfarin sodium,2mg,tablet,50,(si),
1516,coumadin,warfarin sodium,5mg,tablet,50,(si),
1517,zeldox,ziprasidone,80mg,capsule,60,(pf),
1518,zomig,zolmitriptan,2.5mg,tablet,2,(ap),
1519,stilnox,zolpidem,10mg,tablet,7,(sw),
1520,stilnox,zolpidem,10mg,tablet,14,(sw),
1521,stilnox,zolpidem,"6.25mg, cr",tablet,14,(sw),
1522,stilnox,zolpidem,"12.5mg, cr",tablet,14,(sw),
1523,imovane,zopiclone,7.5mg,tablet,10,(av),
1524,imovane,zopiclone,7.5mg,tablet,30,(sw),
1525,imrest,zopiclone,7.5mg,tablet,30,(af),
